"collectionunitid","analysisunitid","chronology.agemodel","sampleages.age","sampleages.ageolder","sampleages.ageyounger"
4417,80054,"event",NA,22472,6767
4417,80054,"bounds",NA,16857,12867
4419,80058,"event",NA,13432,6772
4419,80058,"bounds",NA,13732,5232
4425,80069,"event",NA,1192,0
4425,80069,"bounds",NA,1022,0
4425,80071,"event",NA,1617,1367
4425,80071,"bounds",NA,1817,1022
4425,80073,"event",NA,8000,1727
4425,80073,"bounds",NA,8000,1817
4427,80095,"event",NA,16862,12852
4427,80095,"bounds",NA,22457,6812
4427,80097,"event",NA,19797,9582
4427,80097,"bounds",NA,22472,6767
4430,352326,"event",NA,27457,7267
4430,352326,"bounds",NA,40662,-75
4430,352327,"event",NA,27457,7267
4430,352327,"bounds",NA,40662,-75
4430,352328,"event",NA,27457,7267
4430,352328,"bounds",NA,40662,-75
4438,80117,"event",NA,1277,1
4438,80117,"bounds",NA,1247,1
4438,80119,"event",NA,3302,2252
4438,80119,"bounds",NA,3237,2337
4438,80122,"event",NA,1277,1
4438,80122,"bounds",NA,1247,1
4438,80124,"event",NA,1577,1352
4438,80124,"bounds",NA,1542,1387
4438,80125,"event",NA,1577,1352
4438,80125,"bounds",NA,1542,1387
4438,80126,"event",NA,1577,1352
4438,80126,"bounds",NA,1542,1387
4438,80127,"event",NA,1577,1352
4438,80127,"bounds",NA,1542,1387
4438,80128,"event",NA,1577,1352
4438,80128,"bounds",NA,1542,1387
4440,80131,"event",NA,24000,10000
4440,80131,"bounds",NA,24000,10000
4441,80134,"event",NA,35000,10000
4441,80134,"bounds",NA,35000,10000
4443,80140,"event",NA,1300,957
4443,80140,"bounds",NA,1300,1057
4447,80146,"event",27477,27777,27187
4447,80146,"bounds",NA,28462,26497
4447,80148,"event",27477,27777,27187
4447,80148,"bounds",NA,28462,26497
4450,80151,"event",NA,11867,950
4450,80151,"bounds",NA,10872,950
4450,80152,"event",NA,11867,950
4450,80152,"bounds",NA,10872,950
4450,80156,"event",NA,29302,11867
4450,80156,"bounds",NA,36787,10872
4450,80157,"event",NA,29302,11867
4450,80157,"bounds",NA,36787,10872
4450,80159,"event",NA,29302,11867
4450,80159,"bounds",NA,36787,10872
4454,80163,"event",NA,13212,11802
4454,80163,"bounds",NA,14022,11227
4463,80181,"event",NA,2377,1762
4463,80181,"bounds",NA,2362,1792
4463,80182,"event",NA,2377,1762
4463,80182,"bounds",NA,2362,1792
4463,80186,"event",NA,2697,1412
4463,80186,"bounds",NA,2702,1412
4470,80198,"event",NA,8222,1
4470,80198,"bounds",NA,7747,1
4484,80246,"event",NA,24677,2252
4484,80246,"bounds",NA,23322,4407
4484,80248,"event",NA,65000,27217
4484,80248,"bounds",NA,65000,28682
4490,80254,"event",NA,35000,17377
4490,80254,"bounds",NA,35000,17587
4490,80256,"event",NA,17127,9352
4490,80256,"bounds",NA,16912,11012
4490,80257,"event",NA,17127,9352
4490,80257,"bounds",NA,16912,11012
4490,80258,"event",NA,17127,9352
4490,80258,"bounds",NA,16912,11012
4490,80259,"event",NA,17127,9352
4490,80259,"bounds",NA,16912,11012
4490,80260,"event",NA,17127,9352
4490,80260,"bounds",NA,16912,11012
4490,80261,"event",NA,17127,9352
4490,80261,"bounds",NA,16912,11012
4490,80265,"event",NA,2297,0
4490,80265,"bounds",NA,1317,0
4490,80266,"event",NA,3247,0
4490,80266,"bounds",NA,4222,0
4490,80267,"event",NA,5547,2297
4490,80267,"bounds",NA,5907,1317
4490,80268,"event",NA,9352,5207
4490,80268,"bounds",NA,11012,4847
4490,349069,"event",NA,17587,1317
4490,349069,"bounds",NA,17377,2297
4490,350190,"event",NA,17377,2297
4490,350190,"bounds",NA,17587,1317
4490,350720,"event",NA,17587,1317
4490,350720,"bounds",NA,17377,2297
4490,350776,"event",NA,17587,1317
4490,350776,"bounds",NA,17377,2297
4491,80269,"event",NA,41347,26197
4491,80269,"bounds",NA,48497,22772
4491,80270,"event",NA,41347,26197
4491,80270,"bounds",NA,48497,22772
4491,80271,"event",NA,41347,26197
4491,80271,"bounds",NA,48497,22772
4491,80272,"event",NA,41347,26197
4491,80272,"bounds",NA,48497,22772
4491,80276,"event",NA,41347,26197
4491,80276,"bounds",NA,48497,22772
4491,80277,"event",NA,41347,26197
4491,80277,"bounds",NA,48497,22772
4491,80278,"event",NA,41347,26197
4491,80278,"bounds",NA,48497,22772
4491,80279,"event",NA,41347,26197
4491,80279,"bounds",NA,48497,22772
4491,80280,"event",NA,41347,26197
4491,80280,"bounds",NA,48497,22772
4491,80281,"event",NA,41347,26197
4491,80281,"bounds",NA,48497,22772
4491,80282,"event",NA,41347,26197
4491,80282,"bounds",NA,48497,22772
4491,80283,"event",NA,41347,26197
4491,80283,"bounds",NA,48497,22772
4491,80284,"event",NA,41347,26197
4491,80284,"bounds",NA,48497,22772
4491,80285,"event",NA,41347,26197
4491,80285,"bounds",NA,48497,22772
4491,80286,"event",NA,41347,26197
4491,80286,"bounds",NA,48497,22772
4491,80287,"event",NA,41347,26197
4491,80287,"bounds",NA,48497,22772
4491,80288,"event",NA,41347,26197
4491,80288,"bounds",NA,48497,22772
4491,80289,"event",NA,41347,26197
4491,80289,"bounds",NA,48497,22772
4491,80290,"event",NA,41347,26197
4491,80290,"bounds",NA,48497,22772
4491,80291,"event",NA,41347,26197
4491,80291,"bounds",NA,48497,22772
4491,80292,"event",NA,41347,26197
4491,80292,"bounds",NA,48497,22772
4491,80293,"event",NA,41347,26197
4491,80293,"bounds",NA,48497,22772
4493,80296,"event",NA,16702,3672
4493,80296,"bounds",NA,16007,4477
4493,80297,"event",NA,16702,3672
4493,80297,"bounds",NA,16007,4477
4504,80309,"event",NA,482,0
4504,80309,"bounds",NA,-8,-75
4504,80310,"event",NA,10482,3017
4504,80310,"bounds",NA,9147,3597
4504,80311,"event",NA,10482,3017
4504,80311,"bounds",NA,9147,3597
4504,80312,"event",NA,10482,3017
4504,80312,"bounds",NA,9147,3597
4504,80313,"event",NA,10482,3017
4504,80313,"bounds",NA,9147,3597
4504,80314,"event",NA,10482,3017
4504,80314,"bounds",NA,9147,3597
4504,80316,"event",NA,12632,10482
4504,80316,"bounds",NA,14327,9147
4504,80318,"event",NA,14800,12632
4504,80318,"bounds",NA,14800,14327
4504,80319,"event",NA,14800,12622
4504,80319,"bounds",NA,14800,14287
4504,80321,"event",NA,14800,12622
4504,80321,"bounds",NA,14800,14287
4504,80322,"event",NA,14800,12622
4504,80322,"bounds",NA,14800,14287
4504,80323,"event",NA,14800,12622
4504,80323,"bounds",NA,14800,14287
4504,80325,"event",NA,2382,1607
4504,80325,"bounds",NA,3574,864
4504,80326,"event",NA,2382,1607
4504,80326,"bounds",NA,3574,864
4504,80328,"event",NA,3017,2382
4504,80328,"bounds",NA,3597,1792
4504,80330,"event",NA,10482,3017
4504,80330,"bounds",NA,9147,3597
4505,80332,"event",NA,24822,23467
4505,80332,"bounds",NA,24767,23662
4505,80333,"event",NA,24822,23467
4505,80333,"bounds",NA,24767,23662
4505,80335,"event",9747,10212,9297
4505,80335,"bounds",NA,11007,8492
4505,80345,"event",NA,1727,1132
4505,80345,"bounds",NA,1522,1292
4505,80348,"event",NA,542,202
4505,80348,"bounds",NA,527,282
4536,80380,"event",NA,1117,350
4536,80380,"bounds",NA,1082,350
4536,80381,"event",NA,987,350
4536,80381,"bounds",NA,1012,350
4536,80385,"event",NA,747,697
4536,80385,"bounds",NA,752,682
4539,80389,"event",NA,12402,1
4539,80389,"bounds",NA,11562,1
4541,80393,"event",NA,17507,12472
4541,80393,"bounds",NA,18777,11442
4541,80394,"event",NA,17507,12472
4541,80394,"bounds",NA,18777,11442
4541,80395,"event",NA,17507,12472
4541,80395,"bounds",NA,18777,11442
4541,80397,"event",NA,17507,12472
4541,80397,"bounds",NA,18777,11442
4541,80398,"event",NA,17507,12472
4541,80398,"bounds",NA,18777,11442
4541,80399,"event",NA,17507,12472
4541,80399,"bounds",NA,18777,11442
4541,80400,"event",NA,17507,12472
4541,80400,"bounds",NA,18777,11442
4541,80401,"event",NA,17507,12472
4541,80401,"bounds",NA,18777,11442
4541,80403,"event",NA,17507,12472
4541,80403,"bounds",NA,18777,11442
4541,80404,"event",NA,17507,12472
4541,80404,"bounds",NA,18777,11442
4541,80405,"event",NA,17507,12472
4541,80405,"bounds",NA,18777,11442
4541,80407,"event",NA,17507,12472
4541,80407,"bounds",NA,18777,11442
4542,80408,"event",NA,3402,1962
4542,80408,"bounds",NA,4622,732
4542,80409,"event",NA,26000,21042
4542,80409,"bounds",NA,26000,22672
4542,80410,"event",NA,26000,21042
4542,80410,"bounds",NA,26000,22672
4542,80411,"event",NA,26000,21042
4542,80411,"bounds",NA,26000,22672
4542,80416,"event",NA,19072,3997
4542,80416,"bounds",NA,17412,4217
4542,80417,"event",NA,19072,3997
4542,80417,"bounds",NA,17412,4217
4542,96109,"event",NA,26000,21042
4542,96109,"bounds",NA,26000,22672
4542,96110,"event",NA,19072,3997
4542,96110,"bounds",NA,17412,4217
4542,96111,"event",NA,26000,21042
4542,96111,"bounds",NA,26000,22672
4553,80437,"event",14052,14327,13867
4553,80437,"bounds",NA,14812,13492
4553,80439,"event",2752,2837,2672
4553,80439,"bounds",NA,3012,2497
4553,80440,"event",NA,6992,1352
4553,80440,"bounds",NA,6447,1127
4570,80458,"event",NA,4562,57
4570,80458,"bounds",NA,4517,0
4570,80460,"event",NA,3837,322
4570,80460,"bounds",NA,3797,522
4570,80463,"event",NA,3837,57
4570,80463,"bounds",NA,3797,0
4592,80487,"event",NA,12297,10292
4592,80487,"bounds",NA,19434,6864
4592,80489,"event",NA,8487,0
4592,80489,"bounds",NA,6877,0
4593,80491,"event",NA,10767,442
4593,80491,"bounds",NA,15842,-63
4593,80492,"event",NA,10767,442
4593,80492,"bounds",NA,15842,-63
4600,80505,"event",NA,12017,0
4600,80505,"event",NA,11522,0
4600,80506,"event",NA,12017,0
4600,80506,"event",NA,11522,0
4600,80507,"event",NA,12017,500
4600,80507,"event",NA,11522,500
4605,80517,"event",NA,5902,0
4605,80517,"bounds",NA,3752,0
4605,80519,"event",NA,9852,8387
4605,80519,"bounds",NA,9612,3752
4605,80520,"event",NA,9852,8387
4605,80520,"bounds",NA,9612,3752
4605,80521,"event",NA,9852,5902
4605,80521,"bounds",NA,9612,3752
4605,80522,"event",NA,9852,5902
4605,80522,"bounds",NA,9612,3752
4606,80523,"event",NA,12907,5000
4606,80523,"bounds",NA,10282,5000
4606,80524,"event",NA,12907,11700
4606,80524,"bounds",NA,18012,11700
4606,80525,"event",NA,12907,11700
4606,80525,"bounds",NA,18012,11700
4607,80528,"event",NA,2417,1607
4607,80528,"bounds",NA,2742,1337
4607,80530,"event",NA,4212,2137
4607,80530,"bounds",NA,4292,1817
4607,80532,"event",NA,5487,4087
4607,80532,"bounds",NA,4972,3997
4607,80533,"event",NA,6122,4087
4607,80533,"bounds",NA,6637,3997
4607,80534,"event",NA,5487,4212
4607,80534,"bounds",NA,4972,4292
4607,80535,"event",NA,6122,4212
4607,80535,"bounds",NA,6637,4292
4607,80537,"event",NA,7362,5487
4607,80537,"bounds",NA,7582,4972
4607,80538,"event",NA,9377,5487
4607,80538,"bounds",NA,9697,4972
4607,80542,"event",NA,10517,8142
4607,80542,"bounds",NA,10967,7517
4607,80544,"event",NA,10517,1607
4607,80544,"bounds",NA,10967,1337
4673,80628,"event",NA,1702,1097
4673,80628,"bounds",NA,1717,1082
4677,80634,"event",NA,5817,1227
4677,80634,"bounds",NA,6127,892
4691,92066,"event",NA,5642,2292
4691,92066,"bounds",NA,5462,1752
4718,80691,"event",NA,48352,12912
4718,80691,"bounds",NA,53862,11292
4718,80692,"event",NA,48352,12912
4718,80692,"bounds",NA,53862,11292
4718,80693,"event",NA,48352,12912
4718,80693,"bounds",NA,53862,11292
4718,80696,"event",NA,48352,12912
4718,80696,"bounds",NA,53862,11292
4718,80697,"event",NA,48352,12912
4718,80697,"bounds",NA,53862,11292
4718,80698,"event",NA,48352,12912
4718,80698,"bounds",NA,53862,11292
4718,80700,"event",NA,48352,12912
4718,80700,"bounds",NA,53862,11292
4839,80901,"event",NA,2257,1377
4839,80901,"bounds",NA,3097,612
4840,80902,"event",1832,1952,1727
4840,80902,"bounds",NA,2197,1482
4840,80903,"event",1832,1952,1727
4840,80903,"bounds",NA,2197,1482
4840,80905,"event",1832,1952,1727
4840,80905,"bounds",NA,2197,1482
4845,80914,"event",NA,6502,3292
4845,80914,"bounds",NA,6112,3442
4845,80916,"event",NA,9077,6857
4845,80916,"bounds",NA,8842,7182
4871,80943,"event",NA,1802,1447
4871,80943,"bounds",NA,2017,1252
4871,80944,"event",NA,1802,1447
4871,80944,"bounds",NA,2017,1252
4871,80945,"event",NA,1802,1447
4871,80945,"bounds",NA,2017,1252
4889,80966,"event",NA,8067,397
4889,80966,"bounds",NA,8122,347
4913,80994,"event",322,367,277
4913,80994,"bounds",NA,467,192
4913,80995,"event",322,367,277
4913,80995,"bounds",NA,467,192
4913,80996,"event",322,367,277
4913,80996,"bounds",NA,467,192
4913,80997,"event",322,367,277
4913,80997,"bounds",NA,467,192
4913,80998,"event",322,367,277
4913,80998,"bounds",NA,467,192
4913,80999,"event",322,367,277
4913,80999,"bounds",NA,467,192
4913,81000,"event",322,367,277
4913,81000,"bounds",NA,467,192
4913,81001,"event",322,367,277
4913,81001,"bounds",NA,467,192
4914,81003,"event",NA,597,432
4914,81003,"bounds",NA,597,432
4954,81049,"event",NA,1787,947
4954,81049,"bounds",NA,1822,907
5046,81165,"event",NA,21000,15197
5046,81165,"bounds",NA,21000,19612
5046,81166,"event",NA,2807,0
5046,81166,"bounds",NA,847,0
5190,81328,"event",NA,6500,4407
5190,81328,"bounds",NA,6500,5932
5206,81351,"event",NA,9502,1092
5206,81351,"bounds",NA,9362,1207
5206,81353,"event",NA,9697,937
5206,81353,"bounds",NA,9867,812
5212,81362,"event",NA,1362,0
5212,81362,"bounds",NA,1187,0
5212,81364,"event",NA,9552,9057
5212,81364,"bounds",NA,9572,9062
5212,81367,"event",NA,8842,4062
5212,81367,"bounds",NA,8907,3562
5212,81369,"event",NA,4772,1362
5212,81369,"bounds",NA,5307,1187
5212,81371,"event",NA,9552,1362
5212,81371,"bounds",NA,9572,1187
5212,81372,"event",NA,9552,1362
5212,81372,"bounds",NA,9572,1187
5226,81390,"event",NA,24832,6812
5226,81390,"bounds",NA,28002,4257
5226,81391,"event",NA,24832,6812
5226,81391,"bounds",NA,28002,4257
5226,81392,"event",NA,6812,0
5226,81392,"bounds",NA,4257,0
5226,81393,"event",NA,6812,0
5226,81393,"bounds",NA,4257,0
5226,81394,"event",8472,10167,6812
5226,81394,"bounds",NA,13132,4257
5226,81396,"event",8472,10167,6812
5226,81396,"bounds",NA,13132,4257
5226,81397,"event",8472,10167,6812
5226,81397,"bounds",NA,13132,4257
5226,81398,"event",8472,10167,6812
5226,81398,"bounds",NA,13132,4257
5226,81402,"event",NA,24832,7907
5226,81402,"bounds",NA,28002,5192
5239,81416,"event",NA,2132,0
5239,81416,"bounds",NA,2112,0
5239,81417,"event",NA,2132,0
5239,81417,"bounds",NA,2112,0
5239,81418,"event",NA,2262,0
5239,81418,"bounds",NA,2282,0
5239,81420,"event",NA,2262,2132
5239,81420,"bounds",NA,2282,2112
5239,81421,"event",NA,2262,2132
5239,81421,"bounds",NA,2282,2112
5239,81422,"event",NA,2262,2132
5239,81422,"bounds",NA,2282,2112
5239,81423,"event",NA,2262,2132
5239,81423,"bounds",NA,2282,2112
5313,81507,"event",NA,632,92
5313,81507,"bounds",NA,967,-75
5313,81508,"event",NA,632,92
5313,81508,"bounds",NA,967,-75
5313,81509,"event",NA,632,92
5313,81509,"bounds",NA,967,-75
5313,81510,"event",NA,632,92
5313,81510,"bounds",NA,967,-75
5313,81512,"event",NA,632,92
5313,81512,"bounds",NA,967,-75
5314,81515,"event",NA,5932,5777
5314,81515,"bounds",NA,6937,4292
5314,81516,"event",NA,5932,5777
5314,81516,"bounds",NA,6937,4292
5314,81518,"event",NA,6912,5932
5314,81518,"bounds",NA,7907,5412
5314,81521,"event",NA,7362,6837
5314,81521,"bounds",NA,8422,5957
5314,81525,"event",NA,9252,8192
5314,81525,"bounds",NA,9927,7577
5314,81529,"event",NA,9117,8872
5314,81529,"bounds",NA,9722,8492
5314,81533,"event",NA,10327,9512
5314,81533,"bounds",NA,10207,9607
5314,81534,"event",NA,10327,9512
5314,81534,"bounds",NA,10207,9607
5314,81536,"event",NA,12662,10522
5314,81536,"bounds",NA,12267,10647
5314,81538,"event",NA,4707,1757
5314,81538,"bounds",NA,4557,1182
5334,81565,"event",11182,11487,10827
5334,81565,"bounds",NA,12107,10172
5334,81566,"event",11182,11487,10827
5334,81566,"bounds",NA,12107,10172
5334,81567,"event",11182,11487,10827
5334,81567,"bounds",NA,12107,10172
5334,81568,"event",11182,11487,10827
5334,81568,"bounds",NA,12107,10172
5334,81569,"event",11182,11487,10827
5334,81569,"bounds",NA,12107,10172
44557,81609,"event",NA,2802,77
44557,81609,"bounds",NA,3317,-8
44557,81610,"event",NA,2802,77
44557,81610,"bounds",NA,3317,-8
44557,81611,"event",NA,2802,77
44557,81611,"bounds",NA,3317,-8
44557,81612,"event",NA,2802,77
44557,81612,"bounds",NA,3317,-8
44557,81613,"event",NA,2802,77
44557,81613,"bounds",NA,3317,-8
44557,81614,"event",NA,2802,77
44557,81614,"bounds",NA,3317,-8
44557,81615,"event",NA,2802,77
44557,81615,"bounds",NA,3317,-8
44557,81616,"event",NA,2802,77
44557,81616,"bounds",NA,3317,-8
5389,81653,"event",NA,5112,0
5389,81653,"bounds",NA,4242,0
5472,81761,"event",NA,8672,1357
5472,81761,"bounds",NA,6577,1697
5495,81793,"event",NA,307,0
5495,81793,"bounds",NA,227,0
5495,81795,"event",NA,1002,307
5495,81795,"bounds",NA,892,227
5495,81797,"event",NA,2922,1197
5495,81797,"bounds",NA,2502,1302
5499,81806,"event",NA,11700,7187
5499,81806,"bounds",NA,11700,7662
5499,81815,"event",NA,6362,4917
5499,81815,"bounds",NA,5897,5182
5499,81818,"event",NA,4962,4642
5499,81818,"bounds",NA,5637,4192
5499,81820,"event",NA,4382,3362
5499,81820,"bounds",NA,4192,3112
5547,81871,"event",NA,4437,3522
5547,81871,"bounds",NA,4282,3477
5547,81872,"event",NA,4832,4437
5547,81872,"bounds",NA,5177,4282
5547,81873,"event",NA,5797,5787
5547,81873,"bounds",NA,6937,5617
5547,81875,"event",NA,8000,6357
5547,81875,"bounds",NA,8000,6937
5547,81876,"event",2277,2667,1887
5547,81876,"bounds",NA,3282,1267
5547,81877,"event",2277,2667,1887
5547,81877,"bounds",NA,3282,1267
5547,81878,"event",2277,2667,1887
5547,81878,"bounds",NA,3282,1267
5547,81879,"event",NA,3257,2667
5547,81879,"bounds",NA,3507,1267
5547,81881,"event",NA,777,622
5547,81881,"bounds",NA,1322,522
5547,81883,"event",NA,3612,3162
5547,81883,"bounds",NA,3662,2757
5547,81886,"event",NA,5797,4832
5547,81886,"bounds",NA,5682,5177
5547,81888,"event",NA,1887,1052
5547,81888,"bounds",NA,3282,507
5547,81889,"event",NA,6047,5787
5547,81889,"bounds",NA,6247,5617
5547,81890,"event",NA,6047,5787
5547,81890,"bounds",NA,6247,5617
5547,81891,"event",NA,6047,5787
5547,81891,"bounds",NA,6247,5617
5547,81892,"event",NA,6047,5787
5547,81892,"bounds",NA,6247,5617
5547,81893,"event",NA,8000,6357
5547,81893,"bounds",NA,8000,6937
5547,81894,"event",NA,8000,6357
5547,81894,"bounds",NA,8000,6937
5547,81895,"event",NA,8000,6357
5547,81895,"bounds",NA,8000,6937
5547,81896,"event",NA,8000,6357
5547,81896,"bounds",NA,8000,6937
5547,81897,"event",NA,8000,6357
5547,81897,"bounds",NA,8000,6937
5547,81898,"event",NA,3527,3257
5547,81898,"bounds",NA,3932,3157
5586,81946,"event",NA,7907,4212
5586,81946,"bounds",NA,7392,2902
5586,81947,"event",NA,4212,1722
5586,81947,"bounds",NA,2902,1387
5590,81953,"event",NA,1407,0
5590,81953,"bounds",NA,1307,0
5590,81955,"event",NA,2822,1577
5590,81955,"bounds",NA,2667,1697
5590,81957,"event",NA,3977,3047
5590,81957,"bounds",NA,3847,3207
5590,81959,"event",NA,5032,4177
5590,81959,"bounds",NA,4952,4307
5590,81961,"event",NA,5787,1407
5590,81961,"bounds",NA,5832,1307
5590,81962,"event",NA,5787,1407
5590,81962,"bounds",NA,5832,1307
5590,81963,"event",NA,5787,1407
5590,81963,"bounds",NA,5832,1307
5590,81964,"event",NA,5787,1407
5590,81964,"bounds",NA,5832,1307
5590,81965,"event",NA,5787,1407
5590,81965,"bounds",NA,5832,1307
5590,81966,"event",NA,5787,1407
5590,81966,"bounds",NA,5832,1307
5594,81976,"event",NA,2797,2457
5594,81976,"bounds",NA,2852,797
5594,81978,"event",NA,2457,1042
5594,81978,"bounds",NA,3242,372
5594,81980,"event",NA,1042,607
5594,81980,"bounds",NA,2582,112
5601,82003,"event",NA,13612,11700
5601,82003,"bounds",NA,13512,11700
5602,82007,"event",NA,27282,1317
5602,82007,"bounds",NA,27847,1127
5602,82008,"event",NA,27282,1317
5602,82008,"bounds",NA,27847,1127
5602,82009,"event",NA,27282,1317
5602,82009,"bounds",NA,27847,1127
5602,91831,"event",NA,27282,22657
5602,91831,"bounds",NA,27847,25722
5606,82034,"event",NA,547,0
5606,82034,"bounds",NA,367,0
5606,82035,"event",NA,6000,2252
5606,82035,"bounds",NA,6000,2572
5606,82036,"event",NA,6000,2252
5606,82036,"bounds",NA,6000,2572
5606,82037,"event",NA,6000,2252
5606,82037,"bounds",NA,6000,2572
5606,82040,"event",NA,1912,717
5606,82040,"bounds",NA,1587,897
5606,82042,"event",NA,6000,2252
5606,82042,"bounds",NA,6000,2572
5610,82046,"event",NA,6827,0
5610,82046,"bounds",NA,4382,0
5611,82050,"event",NA,8662,3697
5611,82050,"bounds",NA,8112,4307
5614,82058,"event",NA,4302,0
5614,82058,"bounds",NA,3587,0
5615,82061,"event",NA,14152,13342
5615,82061,"bounds",NA,14872,12667
5622,82087,"event",NA,14787,13067
5622,82087,"bounds",NA,15037,12872
5623,82094,"event",NA,10652,0
5623,82094,"bounds",NA,9787,0
5623,82095,"event",NA,10652,0
5623,82095,"bounds",NA,9787,0
5623,85044,"event",NA,10652,0
5623,85044,"bounds",NA,9787,0
5623,85045,"event",NA,25177,11442
5623,85045,"bounds",NA,24122,12312
5628,82107,"event",NA,11717,8357
5628,82107,"bounds",NA,12132,7922
5628,82108,"event",NA,2227,0
5628,82108,"bounds",NA,957,0
5628,91841,"event",NA,21000,13127
5628,91841,"bounds",NA,21000,13252
5628,91842,"event",NA,21000,13127
5628,91842,"bounds",NA,21000,13252
5700,82196,"event",NA,1692,1442
5700,82196,"bounds",NA,2297,927
5708,82206,"event",NA,9777,657
5708,82206,"bounds",NA,10147,87
5708,82208,"event",NA,932,657
5708,82208,"bounds",NA,612,87
5708,82209,"event",NA,1352,932
5708,82209,"bounds",NA,1732,612
5708,82210,"event",NA,1352,932
5708,82210,"bounds",NA,1732,612
5708,82214,"event",NA,11700,9777
5708,82214,"bounds",NA,11700,10147
5711,82221,"event",NA,11700,8617
5711,82221,"bounds",NA,11700,8917
5711,82223,"event",NA,5907,5067
5711,82223,"bounds",NA,6317,4477
5711,82224,"event",NA,5627,5547
5711,82224,"bounds",NA,6227,5132
5711,82225,"event",NA,5627,5547
5711,82225,"bounds",NA,6227,5132
5711,82228,"event",NA,5252,3637
5711,82228,"bounds",NA,5617,3212
5711,82230,"event",NA,4037,3507
5711,82230,"bounds",NA,4462,3362
5711,82231,"event",NA,4037,3507
5711,82231,"bounds",NA,4462,3362
5711,82233,"event",NA,4037,3507
5711,82233,"bounds",NA,4462,3362
5711,82234,"event",NA,4037,3507
5711,82234,"bounds",NA,4462,3362
5711,82236,"event",NA,8297,8042
5711,82236,"bounds",NA,8917,7512
5711,82239,"event",NA,7827,6792
5711,82239,"bounds",NA,8487,5992
5711,82240,"event",NA,7827,6792
5711,82240,"bounds",NA,8487,5992
5711,82242,"event",NA,6792,5907
5711,82242,"bounds",NA,8357,5132
5722,82275,"event",NA,4797,4702
5722,82275,"bounds",NA,4832,4667
5722,82276,"event",NA,4797,4702
5722,82276,"bounds",NA,4832,4667
5722,82277,"event",NA,4797,4702
5722,82277,"bounds",NA,4832,4667
5722,82278,"event",NA,4797,4702
5722,82278,"bounds",NA,4832,4667
5722,82280,"event",NA,4417,0
5722,82280,"bounds",NA,4462,0
5722,82281,"event",NA,4417,0
5722,82281,"bounds",NA,4462,0
5747,82313,"event",NA,38027,31892
5747,82313,"bounds",NA,38667,31587
5756,82336,"event",NA,1527,0
5756,82336,"bounds",NA,1277,0
5756,82337,"event",NA,1527,0
5756,82337,"bounds",NA,1277,0
5756,82338,"event",NA,3982,1767
5756,82338,"bounds",NA,3367,2017
5756,82340,"event",NA,9000,4577
5756,82340,"bounds",NA,9000,5197
5756,82341,"event",NA,9000,4577
5756,82341,"bounds",NA,9000,5197
5756,82342,"event",NA,9000,4577
5756,82342,"bounds",NA,9000,5197
5756,91851,"event",NA,9000,4577
5756,91851,"bounds",NA,9000,5197
5757,82343,"event",NA,8327,7122
5757,82343,"bounds",NA,7922,7432
5757,82344,"event",NA,8327,7122
5757,82344,"bounds",NA,7922,7432
5757,91853,"event",NA,8327,7122
5757,91853,"bounds",NA,7922,7432
5768,82365,"event",NA,1457,1367
5768,82365,"bounds",NA,1452,1377
5768,82368,"event",NA,1457,1367
5768,82368,"bounds",NA,1452,1377
5768,82369,"event",NA,6000,1562
5768,82369,"bounds",NA,6000,1552
5786,82400,"event",NA,442,0
5786,82400,"bounds",NA,247,0
5786,82401,"event",NA,442,0
5786,82401,"bounds",NA,247,0
5795,82418,"event",NA,312,0
5795,82418,"bounds",NA,287,0
5814,82449,"event",11892,12247,11522
5814,82449,"bounds",NA,12862,10872
5814,82450,"event",NA,12592,2092
5814,82450,"bounds",NA,12862,237
5814,82455,"event",NA,10587,4742
5814,82455,"bounds",NA,13557,4092
5814,82456,"event",NA,10587,4742
5814,82456,"bounds",NA,13557,4092
5828,82477,"event",NA,3947,307
5828,82477,"bounds",NA,4587,277
5828,82482,"event",NA,3147,2552
5828,82482,"bounds",NA,4587,1562
5828,82484,"event",NA,767,307
5828,82484,"bounds",NA,542,277
5828,82485,"event",NA,767,307
5828,82485,"bounds",NA,542,277
5828,82487,"event",NA,3947,987
5828,82487,"bounds",NA,4587,1212
5829,82488,"event",NA,1937,672
5829,82488,"bounds",NA,2542,657
5829,82492,"event",NA,1177,1022
5829,82492,"bounds",NA,1347,747
5829,82493,"event",NA,1177,852
5829,82493,"bounds",NA,1102,747
5829,82495,"event",NA,1277,1042
5829,82495,"bounds",NA,1347,962
5829,82497,"event",NA,1312,1042
5829,82497,"bounds",NA,1602,962
5829,82499,"event",NA,1937,1337
5829,82499,"bounds",NA,2542,1277
5829,82500,"event",NA,1937,962
5829,82500,"bounds",NA,2542,672
5939,82653,"event",NA,11700,6962
5939,82653,"bounds",NA,11700,8307
5939,82654,"event",NA,11700,6962
5939,82654,"bounds",NA,11700,8307
5939,82657,"event",NA,1562,1407
5939,82657,"bounds",NA,3827,-75
5964,82701,"event",NA,2662,317
5964,82701,"bounds",NA,3462,62
5965,82702,"event",NA,877,262
5965,82702,"bounds",NA,1222,22
5983,82722,"event",NA,6000,2182
5983,82722,"bounds",NA,6000,2702
5984,82723,"event",NA,1072,0
5984,82723,"bounds",NA,822,0
5984,82726,"event",NA,6000,1687
5984,82726,"bounds",NA,6000,2072
5995,82742,"event",NA,6792,3377
5995,82742,"bounds",NA,6677,3457
5995,82744,"event",NA,8732,6927
5995,82744,"bounds",NA,8522,7047
5995,82748,"event",NA,14800,12462
5995,82748,"bounds",NA,14800,12847
6007,82764,"event",NA,547,0
6007,82764,"bounds",NA,457,0
6007,82769,"event",NA,6000,4442
6007,82769,"bounds",NA,6000,4587
6010,82779,"event",NA,3072,0
6010,82779,"bounds",NA,3127,0
6010,82780,"event",NA,6000,3967
6010,82780,"bounds",NA,6000,3967
6010,82782,"event",NA,6000,3967
6010,82782,"bounds",NA,6000,3967
6011,82785,"event",NA,6000,1337
6011,82785,"bounds",NA,6000,1677
6011,82786,"event",NA,6000,1337
6011,82786,"bounds",NA,6000,1677
6017,82809,"event",NA,767,0
6017,82809,"bounds",NA,687,0
6017,82810,"event",NA,767,0
6017,82810,"bounds",NA,687,0
6018,82812,"event",NA,762,422
6018,82812,"bounds",NA,742,452
6018,82813,"event",NA,762,422
6018,82813,"bounds",NA,742,452
6020,82819,"event",NA,2497,0
6020,82819,"bounds",NA,2412,0
6020,82820,"event",NA,2707,2497
6020,82820,"bounds",NA,2807,2412
6020,82821,"event",NA,2497,0
6020,82821,"bounds",NA,2412,0
6020,82822,"event",NA,2497,0
6020,82822,"bounds",NA,2412,0
6020,82823,"event",NA,2497,0
6020,82823,"bounds",NA,2412,0
6021,82827,"event",NA,752,437
6021,82827,"bounds",NA,817,477
6021,82829,"event",NA,6000,1472
6021,82829,"bounds",NA,6000,1262
6022,82830,"event",NA,6000,1197
6022,82830,"bounds",NA,6000,1377
6022,82833,"event",NA,967,0
6022,82833,"bounds",NA,832,0
6023,82837,"event",NA,6000,3337
6023,82837,"bounds",NA,6000,3582
6034,82852,"event",NA,11700,7637
6034,82852,"bounds",NA,11700,7657
6034,82853,"event",NA,5967,0
6034,82853,"bounds",NA,5892,0
6034,82855,"event",NA,5967,0
6034,82855,"bounds",NA,5892,0
6034,82857,"event",NA,5967,0
6034,82857,"bounds",NA,5892,0
6035,82858,"event",NA,562,0
6035,82858,"bounds",NA,437,0
6035,82859,"event",NA,6000,877
6035,82859,"bounds",NA,6000,962
6035,82860,"event",NA,562,0
6035,82860,"bounds",NA,437,0
6035,82863,"event",NA,6000,877
6035,82863,"bounds",NA,6000,962
6138,82980,"event",NA,15657,13002
6138,82980,"bounds",NA,18547,11732
6149,82998,"event",NA,14707,3597
6149,82998,"bounds",NA,15827,3262
6149,82999,"event",NA,3597,1
6149,82999,"bounds",NA,3262,1
6149,83000,"event",NA,3597,1
6149,83000,"bounds",NA,3262,1
6149,83001,"event",NA,3597,1
6149,83001,"bounds",NA,3262,1
6149,83002,"event",NA,3597,1
6149,83002,"bounds",NA,3262,1
6149,83003,"event",4132,4687,3597
6149,83003,"bounds",NA,5072,3262
6149,83004,"event",4132,4687,3597
6149,83004,"bounds",NA,5072,3262
6149,83005,"event",NA,8122,4687
6149,83005,"bounds",NA,7977,5072
6149,83006,"event",NA,8122,4687
6149,83006,"bounds",NA,7977,5072
6149,83007,"event",NA,8122,4687
6149,83007,"bounds",NA,7977,5072
6149,83008,"event",NA,8122,4687
6149,83008,"bounds",NA,7977,5072
6149,83009,"event",NA,8122,4687
6149,83009,"bounds",NA,7977,5072
6149,83010,"event",NA,8122,4687
6149,83010,"bounds",NA,7977,5072
6149,83011,"event",NA,9657,4687
6149,83011,"bounds",NA,9792,5072
6149,83012,"event",NA,8122,4687
6149,83012,"bounds",NA,7977,5072
6149,83013,"event",NA,8122,4687
6149,83013,"bounds",NA,7977,5072
6149,83014,"event",NA,8122,4687
6149,83014,"bounds",NA,7977,5072
6149,83015,"event",NA,8122,4687
6149,83015,"bounds",NA,7977,5072
6149,83016,"event",NA,8122,4687
6149,83016,"bounds",NA,7977,5072
6149,83017,"event",9417,9657,9232
6149,83017,"bounds",NA,9792,9062
6149,83018,"event",9417,9657,9232
6149,83018,"bounds",NA,9792,9062
6149,83019,"event",9417,9657,9232
6149,83019,"bounds",NA,9792,9062
6149,83020,"event",9417,9657,9232
6149,83020,"bounds",NA,9792,9062
6149,83021,"event",9417,9657,9232
6149,83021,"bounds",NA,9792,9062
6149,83022,"event",9417,9657,9232
6149,83022,"bounds",NA,9792,9062
6149,83023,"event",9417,9657,9232
6149,83023,"bounds",NA,9792,9062
6149,83024,"event",9417,9657,9232
6149,83024,"bounds",NA,9792,9062
6149,83025,"event",9417,9657,9232
6149,83025,"bounds",NA,9792,9062
6150,83027,"event",NA,8187,4002
6150,83027,"bounds",NA,8362,3697
6150,83028,"event",NA,7902,4537
6150,83028,"bounds",NA,7727,4942
6150,83029,"event",NA,7902,4537
6150,83029,"bounds",NA,7727,4942
6150,83030,"event",NA,11700,7902
6150,83030,"bounds",NA,11700,7727
6150,83031,"event",NA,4002,0
6150,83031,"bounds",NA,3697,0
6150,83032,"event",NA,4537,4002
6150,83032,"bounds",NA,4942,3697
6150,83033,"event",NA,7902,4537
6150,83033,"bounds",NA,7727,4942
6170,83056,"event",NA,11700,8147
6170,83056,"bounds",NA,11700,8137
6191,83085,"event",NA,702,1
6191,83085,"bounds",NA,512,1
6191,83086,"event",NA,2212,957
6191,83086,"bounds",NA,2102,1177
6191,83088,"event",NA,3312,2472
6191,83088,"bounds",NA,2992,2597
6191,83089,"event",NA,3312,2472
6191,83089,"bounds",NA,2992,2597
6191,83090,"event",NA,3312,2472
6191,83090,"bounds",NA,2992,2597
6191,83092,"event",NA,7407,3667
6191,83092,"bounds",NA,6847,3957
6191,83093,"event",NA,7407,3667
6191,83093,"bounds",NA,6847,3957
6191,83094,"event",NA,7407,3667
6191,83094,"bounds",NA,6847,3957
6191,83095,"event",NA,702,1
6191,83095,"bounds",NA,512,1
6191,83096,"event",NA,7407,3667
6191,83096,"bounds",NA,6847,3957
6191,83097,"event",NA,7407,3667
6191,83097,"bounds",NA,6847,3957
6191,83098,"event",NA,7407,3667
6191,83098,"bounds",NA,6847,3957
6191,83099,"event",NA,7407,3667
6191,83099,"bounds",NA,6847,3957
6191,83100,"event",NA,7407,3667
6191,83100,"bounds",NA,6847,3957
6191,83101,"event",NA,702,1
6191,83101,"bounds",NA,512,1
6191,83104,"event",NA,702,1
6191,83104,"bounds",NA,512,1
6191,83106,"event",NA,2212,957
6191,83106,"bounds",NA,2102,1177
6191,83107,"event",NA,2212,957
6191,83107,"bounds",NA,2102,1177
6191,83108,"event",NA,2212,957
6191,83108,"bounds",NA,2102,1177
6191,83109,"event",NA,2212,957
6191,83109,"bounds",NA,2102,1177
6192,83110,"event",NA,347,0
6192,83110,"bounds",NA,262,0
6192,83111,"event",NA,347,0
6192,83111,"bounds",NA,262,0
6192,83112,"event",NA,347,0
6192,83112,"bounds",NA,262,0
6192,83113,"event",NA,347,0
6192,83113,"bounds",NA,262,0
6192,83115,"event",NA,347,0
6192,83115,"bounds",NA,262,0
6192,83116,"event",NA,1397,502
6192,83116,"bounds",NA,1242,607
6192,83117,"event",NA,1607,1397
6192,83117,"bounds",NA,1762,1242
6192,83118,"event",NA,2912,1607
6192,83118,"bounds",NA,2757,1762
6192,83119,"event",NA,3182,1607
6192,83119,"bounds",NA,3337,1762
6192,83121,"event",NA,5642,4487
6192,83121,"bounds",NA,5047,4562
6192,83123,"event",NA,347,0
6192,83123,"bounds",NA,262,0
6192,83124,"event",NA,11700,6302
6192,83124,"bounds",NA,11700,6847
6192,83125,"event",NA,35000,11700
6192,83125,"bounds",NA,35000,11700
6192,83126,"event",NA,347,0
6192,83126,"bounds",NA,262,0
6192,83127,"event",NA,347,0
6192,83127,"bounds",NA,262,0
6192,83128,"event",NA,347,0
6192,83128,"bounds",NA,262,0
6192,83129,"event",5972,6302,5642
6192,83129,"bounds",NA,6847,5047
6192,83130,"event",NA,11700,6302
6192,83130,"bounds",NA,11700,6847
6197,83142,"event",NA,5297,0
6197,83142,"bounds",NA,5087,0
6197,83143,"event",NA,5297,0
6197,83143,"bounds",NA,5087,0
6197,83144,"event",NA,5297,0
6197,83144,"bounds",NA,5087,0
6197,83146,"event",NA,7922,5602
6197,83146,"bounds",NA,7667,5867
6198,83149,"event",NA,1307,0
6198,83149,"bounds",NA,1157,0
6198,83150,"event",NA,1307,0
6198,83150,"bounds",NA,1157,0
6198,83151,"event",NA,1307,0
6198,83151,"bounds",NA,1157,0
6198,83152,"event",NA,1307,0
6198,83152,"bounds",NA,1157,0
6198,83153,"event",NA,1307,0
6198,83153,"bounds",NA,1157,0
6213,83176,"event",NA,747,100
6213,83176,"bounds",NA,472,100
6213,83177,"event",NA,747,1
6213,83177,"bounds",NA,472,1
6223,83188,"event",NA,697,1
6223,83188,"bounds",NA,462,1
6223,83190,"event",NA,1400,927
6223,83190,"bounds",NA,1400,1167
6245,83227,"event",NA,3632,1
6245,83227,"bounds",NA,3067,1
6289,83282,"event",NA,20000,11492
6289,83282,"bounds",NA,20000,12147
6298,83294,"event",NA,20000,10922
6298,83294,"bounds",NA,20000,11452
6352,95938,"event",25417,26087,24727
6352,95938,"bounds",NA,27552,23272
6357,83353,"event",NA,4512,0
6357,83353,"bounds",NA,4467,0
6357,83354,"event",NA,4512,0
6357,83354,"bounds",NA,4467,0
6357,83356,"event",NA,5582,4692
6357,83356,"bounds",NA,4982,4757
6357,83357,"event",NA,5582,4692
6357,83357,"bounds",NA,4982,4757
6397,83409,"event",NA,4937,1017
6397,83409,"bounds",NA,4547,1427
6397,83410,"event",NA,4937,1017
6397,83410,"bounds",NA,4547,1427
6397,83411,"event",NA,4937,1017
6397,83411,"bounds",NA,4547,1427
6397,83412,"event",NA,4937,1017
6397,83412,"bounds",NA,4547,1427
6397,83413,"event",NA,4937,1017
6397,83413,"bounds",NA,4547,1427
6397,83414,"event",NA,4937,1017
6397,83414,"bounds",NA,4547,1427
6397,83415,"event",NA,4937,1017
6397,83415,"bounds",NA,4547,1427
6397,83416,"event",NA,4937,1017
6397,83416,"bounds",NA,4547,1427
6426,83459,"event",NA,7607,927
6426,83459,"bounds",NA,8942,702
6426,83460,"event",NA,7607,927
6426,83460,"bounds",NA,8942,702
6679,83731,"event",NA,11700,3392
6679,83731,"bounds",NA,11700,3447
6679,83734,"event",NA,877,632
6679,83734,"bounds",NA,2382,502
6816,83884,"event",NA,8387,1250
6816,83884,"bounds",NA,8342,1250
6880,83955,"bounds",NA,500,0
6880,83955,"bounds",NA,150,0
6880,526943,"event",NA,1450,950
6880,526943,"bounds",NA,1450,950
6880,526944,"event",NA,1450,950
6880,526944,"bounds",NA,1450,950
6889,83965,"event",NA,16167,10572
6889,83965,"bounds",NA,14607,10077
6889,83966,"event",NA,10572,10000
6889,83966,"bounds",NA,10077,10000
6917,84001,"event",NA,14947,1
6917,84001,"bounds",NA,13517,1
6918,355680,"event",15672,16862,14542
6918,355680,"bounds",NA,19217,12242
6943,84028,"event",2402,3312,1497
6943,84028,"bounds",NA,4782,62
6943,84029,"event",2402,3312,1497
6943,84029,"bounds",NA,4782,62
6943,84030,"event",2402,3312,1497
6943,84030,"bounds",NA,4782,62
6965,84137,"event",NA,80000,40622
6965,84137,"bounds",NA,80000,51322
6965,84138,"event",NA,80000,40622
6965,84138,"bounds",NA,80000,51322
6965,84139,"event",NA,80000,40622
6965,84139,"bounds",NA,80000,51322
6965,84141,"event",NA,80000,40622
6965,84141,"bounds",NA,80000,51322
6965,84142,"event",NA,80000,40622
6965,84142,"bounds",NA,80000,51322
6986,84167,"event",NA,17402,14562
6986,84167,"bounds",NA,19697,12267
6986,84168,"event",NA,17402,14562
6986,84168,"bounds",NA,19697,12267
7024,84213,"event",NA,7567,2692
7024,84213,"bounds",NA,8072,1147
7024,84215,"event",NA,2692,1
7024,84215,"bounds",NA,1147,1
7097,84300,"event",NA,9217,2372
7097,84300,"bounds",NA,6692,3122
7238,84447,"event",NA,35952,25432
7238,84447,"bounds",NA,44737,16632
7282,84505,"event",NA,3000,892
7282,84505,"bounds",NA,3000,1142
7282,84506,"event",NA,10000,3000
7282,84506,"bounds",NA,10000,3000
7285,84510,"event",NA,6000,3207
7285,84510,"bounds",NA,6000,3992
7290,84516,"event",NA,7217,197
7290,84516,"bounds",NA,9122,-13
7291,84521,"event",NA,1167,0
7291,84521,"bounds",NA,987,0
7291,84522,"event",NA,6227,4792
7291,84522,"bounds",NA,6197,5112
7291,84523,"event",NA,6227,4792
7291,84523,"bounds",NA,6197,5112
7291,84524,"event",NA,6227,4792
7291,84524,"bounds",NA,6197,5112
7291,84525,"event",NA,6227,4792
7291,84525,"bounds",NA,6197,5112
7291,84526,"event",NA,6227,4792
7291,84526,"bounds",NA,6197,5112
7291,84527,"event",NA,6227,4792
7291,84527,"bounds",NA,6197,5112
7291,84528,"event",NA,6227,4792
7291,84528,"bounds",NA,6197,5112
7291,84529,"event",NA,6227,4792
7291,84529,"bounds",NA,6197,5112
7291,84530,"event",NA,6227,4792
7291,84530,"bounds",NA,6197,5112
7291,84531,"event",NA,6227,4792
7291,84531,"bounds",NA,6197,5112
7291,84532,"event",NA,1167,0
7291,84532,"bounds",NA,987,0
7291,84533,"event",NA,6227,4792
7291,84533,"bounds",NA,6197,5112
7291,84534,"event",NA,6227,4792
7291,84534,"bounds",NA,6197,5112
7291,84536,"event",NA,6552,6387
7291,84536,"bounds",NA,6527,6437
7291,84537,"event",NA,6552,6387
7291,84537,"bounds",NA,6527,6437
7291,84539,"event",NA,7262,6682
7291,84539,"bounds",NA,7167,6707
7291,84540,"event",NA,7262,6682
7291,84540,"bounds",NA,7167,6707
7291,84542,"event",NA,1167,0
7291,84542,"bounds",NA,987,0
7291,84543,"event",NA,1167,0
7291,84543,"bounds",NA,987,0
7291,84544,"event",NA,1167,0
7291,84544,"bounds",NA,987,0
7291,84545,"event",NA,1167,0
7291,84545,"bounds",NA,987,0
7291,84547,"event",NA,4357,1492
7291,84547,"bounds",NA,4037,1712
7316,84575,"event",NA,12900,11852
7316,84575,"bounds",NA,12900,11987
7316,84582,"event",NA,11307,8942
7316,84582,"bounds",NA,11172,8882
7316,84583,"event",NA,11307,8942
7316,84583,"bounds",NA,11172,8882
7332,84611,"event",NA,10067,550
7332,84611,"bounds",NA,9242,550
7337,84619,"event",NA,1307,822
7337,84619,"bounds",NA,1332,1047
7454,84744,"event",NA,1077,1007
7454,84744,"bounds",NA,1092,992
7468,84759,"event",NA,1387,1000
7468,84759,"bounds",NA,1337,1000
7468,84760,"event",NA,1387,1000
7468,84760,"bounds",NA,1337,1000
7468,84762,"event",NA,1650,1467
7468,84762,"bounds",NA,1650,1517
7491,84789,"event",1797,1827,1762
7491,84789,"bounds",NA,1877,1722
7491,84791,"event",NA,6077,4562
7491,84791,"bounds",NA,5662,4717
7510,84820,"event",NA,2647,1692
7510,84820,"bounds",NA,2737,1312
7510,84823,"event",NA,1692,967
7510,84823,"bounds",NA,1312,752
7510,84825,"event",NA,967,410
7510,84825,"bounds",NA,752,410
7540,84857,"event",NA,6812,6542
7540,84857,"bounds",NA,7847,6847
7540,84858,"event",NA,8937,8672
7540,84858,"bounds",NA,8837,8727
7540,84859,"event",NA,8937,8672
7540,84859,"bounds",NA,8837,8727
7540,84861,"event",NA,9142,8932
7540,84861,"bounds",NA,9337,8462
7540,84866,"event",NA,11700,9287
7540,84866,"bounds",NA,11700,8737
7540,84867,"event",NA,11700,9287
7540,84867,"bounds",NA,11700,8737
7540,84874,"event",NA,4727,4457
7540,84874,"bounds",NA,4277,4122
7540,84876,"event",NA,5497,5167
7540,84876,"bounds",NA,5457,4277
7540,84880,"event",NA,6542,6267
7540,84880,"bounds",NA,6847,5962
7562,84904,"event",NA,6000,762
7562,84904,"bounds",NA,6000,987
7562,84907,"event",NA,6000,762
7562,84907,"bounds",NA,6000,987
7650,84998,"event",NA,3957,2542
7650,84998,"bounds",NA,3872,3442
7650,85001,"event",NA,5812,5452
7650,85001,"bounds",NA,5807,5722
7650,85002,"event",NA,5812,5452
7650,85002,"bounds",NA,5807,5722
7650,85005,"event",NA,6127,6067
7650,85005,"bounds",NA,6137,6072
7650,85007,"event",NA,6327,6127
7650,85007,"bounds",NA,6312,6137
10924,98150,"event",NA,2852,0
10924,98150,"bounds",NA,2667,0
10924,98151,"event",NA,2852,0
10924,98151,"bounds",NA,2667,0
10924,98152,"event",NA,2852,0
10924,98152,"bounds",NA,2667,0
10924,98154,"event",NA,7667,3032
10924,98154,"bounds",NA,7502,3227
10924,98156,"event",NA,9652,7817
10924,98156,"bounds",NA,9392,7977
10924,98158,"event",NA,13077,9937
10924,98158,"bounds",NA,12717,10212
10924,98161,"event",NA,20717,13397
10924,98161,"bounds",NA,19062,13752
10924,98163,"event",NA,26000,22247
10924,98163,"bounds",NA,26000,23907
10924,98164,"event",NA,26000,22247
10924,98164,"bounds",NA,26000,23907
11515,111226,"event",12767,12857,12692
11515,111226,"bounds",NA,13052,12492
11515,111227,"event",12767,12857,12692
11515,111227,"bounds",NA,13052,12492
11515,111228,"event",12767,12857,12692
11515,111228,"bounds",NA,13052,12492
11515,111229,"event",12767,12857,12692
11515,111229,"bounds",NA,13052,12492
11515,111230,"event",12767,12857,12692
11515,111230,"bounds",NA,13052,12492
11515,111231,"event",12767,12857,12692
11515,111231,"bounds",NA,13052,12492
11515,111232,"event",12767,12857,12692
11515,111232,"bounds",NA,13052,12492
11515,111233,"event",12767,12857,12692
11515,111233,"bounds",NA,13052,12492
11515,111234,"event",12767,12857,12692
11515,111234,"bounds",NA,13052,12492
11515,111235,"event",12767,12857,12692
11515,111235,"bounds",NA,13052,12492
11515,111236,"event",12767,12857,12692
11515,111236,"bounds",NA,13052,12492
11555,112268,"event",NA,5417,0
11555,112268,"bounds",NA,4037,0
11555,112272,"event",10957,11172,10762
11555,112272,"bounds",NA,11552,10452
11555,112277,"event",NA,16557,5417
11555,112277,"bounds",NA,23022,4037
13353,132670,"event",NA,2157,0
13353,132670,"bounds",NA,1997,0
13353,132672,"event",NA,3982,2357
13353,132672,"bounds",NA,3587,2547
13353,132673,"event",NA,3982,2357
13353,132673,"bounds",NA,3587,2547
13353,132674,"event",NA,3982,2357
13353,132674,"bounds",NA,3587,2547
13353,132676,"event",NA,10327,4582
13353,132676,"bounds",NA,9852,4987
13353,132677,"event",NA,10327,4582
13353,132677,"bounds",NA,9852,4987
13353,132678,"event",NA,10327,4582
13353,132678,"bounds",NA,9852,4987
13353,132679,"event",NA,10327,4582
13353,132679,"bounds",NA,9852,4987
14886,138045,"event",41702,41997,41377
14886,138045,"bounds",NA,42617,40762
14886,138046,"event",41702,41997,41377
14886,138046,"bounds",NA,42617,40762
14886,138047,"event",41702,41997,41377
14886,138047,"bounds",NA,42617,40762
14886,138049,"event",41702,41997,41377
14886,138049,"bounds",NA,42617,40762
14886,138050,"event",41702,41997,41377
14886,138050,"bounds",NA,42617,40762
14886,138051,"event",41702,41997,41377
14886,138051,"bounds",NA,42617,40762
14886,138052,"event",41702,41997,41377
14886,138052,"bounds",NA,42617,40762
14886,138053,"event",41702,41997,41377
14886,138053,"bounds",NA,42617,40762
14886,138054,"event",41702,41997,41377
14886,138054,"bounds",NA,42617,40762
14886,138055,"event",41702,41997,41377
14886,138055,"bounds",NA,42617,40762
14886,138056,"event",41702,41997,41377
14886,138056,"bounds",NA,42617,40762
14886,224503,"event",NA,41997,9887
14886,224503,"bounds",NA,42617,9482
15381,150433,"event",NA,397,77
15381,150433,"bounds",NA,597,-68
15390,150697,"event",NA,19432,272
15390,150697,"bounds",NA,18832,462
15390,150700,"event",NA,13942,9722
15390,150700,"bounds",NA,12122,10182
15390,150702,"event",NA,19982,67
15390,150702,"bounds",NA,20582,-75
15390,150703,"event",NA,19982,67
15390,150703,"bounds",NA,20582,-75
15390,150704,"event",NA,19982,67
15390,150704,"bounds",NA,20582,-75
16264,173141,"event",NA,12017,1702
16264,173141,"bounds",NA,12682,1232
16270,173153,"event",NA,17387,3712
16270,173153,"bounds",NA,18827,3427
16272,173170,"event",3452,4007,2897
16272,173170,"bounds",NA,4922,1957
16272,173171,"event",3452,4007,2897
16272,173171,"bounds",NA,4922,1957
16272,173172,"event",3452,4007,2897
16272,173172,"bounds",NA,4922,1957
16272,173173,"event",3452,4007,2897
16272,173173,"bounds",NA,4922,1957
16272,173174,"event",3452,4007,2897
16272,173174,"bounds",NA,4922,1957
16272,173175,"event",3452,4007,2897
16272,173175,"bounds",NA,4922,1957
16272,173176,"event",3452,4007,2897
16272,173176,"bounds",NA,4922,1957
16272,173177,"event",3452,4007,2897
16272,173177,"bounds",NA,4922,1957
16272,173178,"event",3452,4007,2897
16272,173178,"bounds",NA,4922,1957
16272,173179,"event",3452,4007,2897
16272,173179,"bounds",NA,4922,1957
18021,204703,"event",NA,2352,250
18021,204703,"bounds",NA,2327,250
18021,204706,"event",NA,4000,3137
18021,204706,"bounds",NA,4000,2717
18021,204707,"event",NA,5000,4000
18021,204707,"bounds",NA,5000,4000
18021,204708,"event",NA,11700,5000
18021,204708,"bounds",NA,11700,5000
18064,205262,"event",NA,13272,12862
18064,205262,"bounds",NA,13642,12537
18160,207712,"event",NA,10817,6000
18160,207712,"bounds",NA,10597,6000
18160,207715,"event",NA,12207,11332
18160,207715,"bounds",NA,12527,11242
18275,211728,"event",NA,1142,957
18275,211728,"bounds",NA,1067,727
18275,211730,"event",NA,1192,1117
18275,211730,"bounds",NA,1417,1047
18275,211734,"event",NA,2117,1847
18275,211734,"bounds",NA,2137,1817
18275,211735,"event",NA,2117,1847
18275,211735,"bounds",NA,2137,1817
18300,212121,"event",NA,1052,50
18300,212121,"bounds",NA,882,50
18320,212381,"event",NA,7707,0
18320,212381,"bounds",NA,7612,0
18320,212382,"event",NA,7707,0
18320,212382,"bounds",NA,7612,0
18320,212383,"event",NA,7707,3450
18320,212383,"bounds",NA,7612,0
18320,212384,"event",NA,3450,450
18320,212384,"bounds",NA,7612,0
18428,215118,"event",NA,3272,0
18428,215118,"bounds",NA,2287,0
18428,215119,"event",NA,3272,0
18428,215119,"bounds",NA,2287,0
18428,215120,"event",NA,4382,0
18428,215120,"bounds",NA,5367,0
18428,215122,"event",NA,4527,3272
18428,215122,"bounds",NA,5427,2287
18428,215124,"event",NA,4527,2607
18428,215124,"bounds",NA,5427,1902
18428,215126,"event",NA,3667,2277
18428,215126,"bounds",NA,4772,1062
18448,215638,"event",NA,1450,767
18448,215638,"bounds",NA,1450,1202
18813,220331,"event",NA,39897,1992
18813,220331,"bounds",NA,46362,1782
18813,220332,"event",NA,39897,1992
18813,220332,"bounds",NA,46362,1782
19119,220979,"event",NA,12617,487
19119,220979,"bounds",NA,13032,382
19119,220983,"event",NA,4077,2492
19119,220983,"bounds",NA,4472,2242
19119,220986,"event",NA,4077,2492
19119,220986,"bounds",NA,4472,2242
19119,220989,"event",NA,4077,2492
19119,220989,"bounds",NA,4472,2242
19119,220990,"event",NA,7907,6247
19119,220990,"bounds",NA,8132,5937
19119,220991,"event",NA,7907,6247
19119,220991,"bounds",NA,8132,5937
19119,220993,"event",NA,12617,487
19119,220993,"bounds",NA,13032,382
19119,220994,"event",NA,12617,487
19119,220994,"bounds",NA,13032,382
19119,220995,"event",NA,4077,2492
19119,220995,"bounds",NA,4472,2242
19119,220996,"event",NA,4077,2492
19119,220996,"bounds",NA,4472,2242
19119,220997,"event",NA,4077,2492
19119,220997,"bounds",NA,4472,2242
19119,220998,"event",NA,12617,487
19119,220998,"bounds",NA,13032,382
19119,220999,"event",NA,4077,2492
19119,220999,"bounds",NA,4472,2242
19119,221000,"event",NA,4077,2492
19119,221000,"bounds",NA,4472,2242
19119,221001,"event",NA,4077,2492
19119,221001,"bounds",NA,4472,2242
19119,221002,"event",NA,4077,2492
19119,221002,"bounds",NA,4472,2242
19119,221003,"event",NA,7907,6247
19119,221003,"bounds",NA,8132,5937
19119,221004,"event",NA,7907,6247
19119,221004,"bounds",NA,8132,5937
19119,221005,"event",NA,12617,487
19119,221005,"bounds",NA,13032,382
19119,221006,"event",NA,12617,487
19119,221006,"bounds",NA,13032,382
19119,221007,"event",NA,12617,487
19119,221007,"bounds",NA,13032,382
19119,221008,"event",NA,12617,487
19119,221008,"bounds",NA,13032,382
19119,221009,"event",NA,4077,2492
19119,221009,"bounds",NA,4472,2242
19119,221010,"event",NA,12617,487
19119,221010,"bounds",NA,13032,382
19119,221011,"event",NA,12617,487
19119,221011,"bounds",NA,13032,382
19119,221012,"event",NA,4077,2492
19119,221012,"bounds",NA,4472,2242
19119,221013,"event",NA,4077,2492
19119,221013,"bounds",NA,4472,2242
19119,221014,"event",NA,12617,487
19119,221014,"bounds",NA,13032,382
19119,221015,"event",NA,12617,487
19119,221015,"bounds",NA,13032,382
19119,221016,"event",NA,12617,487
19119,221016,"bounds",NA,13032,382
19119,221017,"event",NA,12617,487
19119,221017,"bounds",NA,13032,382
19119,221018,"event",NA,12617,487
19119,221018,"bounds",NA,13032,382
19119,221019,"event",NA,12617,487
19119,221019,"bounds",NA,13032,382
19119,221020,"event",NA,4077,2492
19119,221020,"bounds",NA,4472,2242
19119,221021,"event",NA,12617,487
19119,221021,"bounds",NA,13032,382
19119,221022,"event",NA,4077,2492
19119,221022,"bounds",NA,4472,2242
19119,221023,"event",NA,12617,487
19119,221023,"bounds",NA,13032,382
19119,221024,"event",NA,12617,487
19119,221024,"bounds",NA,13032,382
19119,221025,"event",NA,4077,2492
19119,221025,"bounds",NA,4472,2242
19119,221026,"event",NA,12617,487
19119,221026,"bounds",NA,13032,382
19119,221027,"event",NA,4077,2492
19119,221027,"bounds",NA,4472,2242
19119,221028,"event",NA,4077,2492
19119,221028,"bounds",NA,4472,2242
19119,221029,"event",NA,4077,2492
19119,221029,"bounds",NA,4472,2242
19119,221030,"event",NA,12617,487
19119,221030,"bounds",NA,13032,382
19119,221031,"event",NA,4077,2492
19119,221031,"bounds",NA,4472,2242
19119,221032,"event",NA,4077,2492
19119,221032,"bounds",NA,4472,2242
19119,221033,"event",NA,12617,487
19119,221033,"bounds",NA,13032,382
19119,221034,"event",NA,12617,487
19119,221034,"bounds",NA,13032,382
19119,221035,"event",NA,4077,2492
19119,221035,"bounds",NA,4472,2242
19119,221036,"event",NA,12617,487
19119,221036,"bounds",NA,13032,382
19119,221037,"event",NA,4077,2492
19119,221037,"bounds",NA,4472,2242
19119,221038,"event",NA,4077,2492
19119,221038,"bounds",NA,4472,2242
19119,221039,"event",NA,4077,2492
19119,221039,"bounds",NA,4472,2242
19119,221040,"event",NA,12617,487
19119,221040,"bounds",NA,13032,382
19119,221041,"event",NA,4077,2492
19119,221041,"bounds",NA,4472,2242
19119,221042,"event",NA,4077,2492
19119,221042,"bounds",NA,4472,2242
19119,221043,"event",NA,4077,2492
19119,221043,"bounds",NA,4472,2242
19119,221044,"event",NA,12617,487
19119,221044,"bounds",NA,13032,382
19119,221045,"event",NA,4077,2492
19119,221045,"bounds",NA,4472,2242
19119,221046,"event",NA,4077,2492
19119,221046,"bounds",NA,4472,2242
19119,221047,"event",NA,4077,2492
19119,221047,"bounds",NA,4472,2242
19119,221048,"event",NA,4077,2492
19119,221048,"bounds",NA,4472,2242
19119,221049,"event",NA,4077,2492
19119,221049,"bounds",NA,4472,2242
19119,221050,"event",NA,12617,487
19119,221050,"bounds",NA,13032,382
19119,221051,"event",NA,4077,2492
19119,221051,"bounds",NA,4472,2242
19119,221052,"event",NA,12617,487
19119,221052,"bounds",NA,13032,382
19119,221053,"event",NA,12617,487
19119,221053,"bounds",NA,13032,382
19119,221054,"event",NA,12617,487
19119,221054,"bounds",NA,13032,382
19119,221055,"event",NA,7907,6247
19119,221055,"bounds",NA,8132,5937
19119,221056,"event",NA,4077,2492
19119,221056,"bounds",NA,4472,2242
19119,221057,"event",NA,7907,6247
19119,221057,"bounds",NA,8132,5937
19119,221058,"event",NA,7907,6247
19119,221058,"bounds",NA,8132,5937
19119,221059,"event",NA,7907,6247
19119,221059,"bounds",NA,8132,5937
19119,221060,"event",NA,4077,2492
19119,221060,"bounds",NA,4472,2242
19119,221061,"event",NA,12617,487
19119,221061,"bounds",NA,13032,382
19119,221062,"event",NA,4077,2492
19119,221062,"bounds",NA,4472,2242
19119,221063,"event",NA,7907,6247
19119,221063,"bounds",NA,8132,5937
19119,221064,"event",NA,4077,2492
19119,221064,"bounds",NA,4472,2242
19119,221065,"event",NA,4077,2492
19119,221065,"bounds",NA,4472,2242
19119,221066,"event",NA,7907,6247
19119,221066,"bounds",NA,8132,5937
19119,221067,"event",NA,7907,6247
19119,221067,"bounds",NA,8132,5937
19119,221068,"event",NA,12617,487
19119,221068,"bounds",NA,13032,382
19119,221069,"event",NA,7907,6247
19119,221069,"bounds",NA,8132,5937
19119,221070,"event",NA,7907,6247
19119,221070,"bounds",NA,8132,5937
19119,221071,"event",NA,7907,6247
19119,221071,"bounds",NA,8132,5937
19119,221072,"event",NA,7907,6247
19119,221072,"bounds",NA,8132,5937
19119,221073,"event",NA,4077,2492
19119,221073,"bounds",NA,4472,2242
19119,221074,"event",NA,7907,6247
19119,221074,"bounds",NA,8132,5937
19119,221075,"event",NA,7907,6247
19119,221075,"bounds",NA,8132,5937
19119,221076,"event",NA,12617,487
19119,221076,"bounds",NA,13032,382
19119,221077,"event",NA,12617,487
19119,221077,"bounds",NA,13032,382
19281,222391,"event",NA,11700,950
19281,222391,"bounds",NA,11700,950
19281,222392,"event",NA,950,387
19281,222392,"bounds",NA,950,612
19281,222394,"event",NA,102,0
19281,222394,"bounds",NA,612,0
19456,224396,"event",NA,527,167
19456,224396,"bounds",NA,837,-75
23295,233400,"event",NA,33842,102
23295,233400,"bounds",NA,40832,-75
23744,234303,"event",NA,957,712
23744,234303,"bounds",NA,1232,447
23744,234306,"event",NA,712,650
23744,234306,"bounds",NA,682,0
23744,234307,"event",NA,712,650
23744,234307,"bounds",NA,682,0
23744,234308,"event",NA,957,712
23744,234308,"bounds",NA,1232,447
26479,244655,"event",NA,7962,0
26479,244655,"bounds",NA,7782,0
26479,244661,"event",NA,34747,19427
26479,244661,"bounds",NA,33672,20802
26999,246954,"event",NA,1537,882
26999,246954,"bounds",NA,2057,377
26999,246955,"event",NA,1537,882
26999,246955,"bounds",NA,2057,377
26999,246956,"event",NA,1537,882
26999,246956,"bounds",NA,2057,377
26999,246957,"event",NA,1537,882
26999,246957,"bounds",NA,2057,377
26999,246958,"event",NA,1537,882
26999,246958,"bounds",NA,2057,377
26999,246959,"event",NA,1537,882
26999,246959,"bounds",NA,2057,377
26999,246960,"event",NA,1537,882
26999,246960,"bounds",NA,2057,377
26999,246961,"event",NA,1537,882
26999,246961,"bounds",NA,2057,377
26999,246962,"event",NA,1537,882
26999,246962,"bounds",NA,2057,377
26999,246963,"event",NA,1537,882
26999,246963,"bounds",NA,2057,377
26999,246964,"event",NA,1537,882
26999,246964,"bounds",NA,2057,377
26999,246965,"event",NA,1537,882
26999,246965,"bounds",NA,2057,377
26999,246966,"event",NA,1537,882
26999,246966,"bounds",NA,2057,377
26999,246967,"event",NA,1537,882
26999,246967,"bounds",NA,2057,377
26999,246968,"event",NA,1537,882
26999,246968,"bounds",NA,2057,377
26999,246969,"event",NA,1537,882
26999,246969,"bounds",NA,2057,377
26999,246970,"event",NA,1537,882
26999,246970,"bounds",NA,2057,377
26999,246971,"event",NA,1537,882
26999,246971,"bounds",NA,2057,377
26999,246972,"event",NA,1537,882
26999,246972,"bounds",NA,2057,377
26999,246973,"event",NA,1537,882
26999,246973,"bounds",NA,2057,377
26999,246974,"event",NA,1537,882
26999,246974,"bounds",NA,2057,377
26999,246975,"event",NA,1537,882
26999,246975,"bounds",NA,2057,377
26999,246976,"event",NA,1537,882
26999,246976,"bounds",NA,2057,377
26999,246977,"event",NA,1537,882
26999,246977,"bounds",NA,2057,377
26999,246978,"event",NA,1537,882
26999,246978,"bounds",NA,2057,377
26999,246979,"event",NA,1537,882
26999,246979,"bounds",NA,2057,377
26999,246980,"event",NA,1537,882
26999,246980,"bounds",NA,2057,377
26999,246981,"event",NA,1537,882
26999,246981,"bounds",NA,2057,377
26999,246982,"event",NA,1537,882
26999,246982,"bounds",NA,2057,377
26999,246983,"event",NA,1537,882
26999,246983,"bounds",NA,2057,377
26999,246984,"event",NA,1537,882
26999,246984,"bounds",NA,2057,377
26999,246985,"event",NA,1537,882
26999,246985,"bounds",NA,2057,377
26999,246986,"event",NA,1537,882
26999,246986,"bounds",NA,2057,377
26999,246987,"event",NA,1537,882
26999,246987,"bounds",NA,2057,377
26999,246988,"event",NA,1537,882
26999,246988,"bounds",NA,2057,377
26999,246989,"event",NA,1537,882
26999,246989,"bounds",NA,2057,377
26999,246990,"event",NA,1537,882
26999,246990,"bounds",NA,2057,377
26999,246991,"event",NA,1537,882
26999,246991,"bounds",NA,2057,377
26999,246992,"event",NA,1537,882
26999,246992,"bounds",NA,2057,377
26999,246993,"event",NA,1537,882
26999,246993,"bounds",NA,2057,377
26999,246994,"event",NA,1537,882
26999,246994,"bounds",NA,2057,377
26999,246995,"event",NA,1537,882
26999,246995,"bounds",NA,2057,377
26999,246996,"event",NA,1537,882
26999,246996,"bounds",NA,2057,377
26999,246997,"event",NA,1537,882
26999,246997,"bounds",NA,2057,377
26999,246998,"event",NA,1537,882
26999,246998,"bounds",NA,2057,377
26999,246999,"event",NA,1537,882
26999,246999,"bounds",NA,2057,377
26999,247000,"event",NA,1537,882
26999,247000,"bounds",NA,2057,377
26999,247001,"event",NA,1537,882
26999,247001,"bounds",NA,2057,377
26999,247002,"event",NA,1537,882
26999,247002,"bounds",NA,2057,377
26999,247003,"event",NA,1537,882
26999,247003,"bounds",NA,2057,377
26999,247004,"event",NA,1537,882
26999,247004,"bounds",NA,2057,377
27098,247052,"event",NA,850000,820000
27098,247052,"bounds",NA,850000,820000
27098,247055,"event",NA,850000,820000
27098,247055,"bounds",NA,850000,820000
27098,247056,"event",NA,850000,820000
27098,247056,"bounds",NA,850000,820000
27098,247059,"event",NA,850000,820000
27098,247059,"bounds",NA,850000,820000
27098,247061,"event",NA,850000,820000
27098,247061,"bounds",NA,850000,820000
27217,247427,"event",NA,2222,287
27217,247427,"bounds",NA,3012,-75
27217,247428,"event",NA,2222,287
27217,247428,"bounds",NA,3012,-75
27217,247430,"event",NA,2222,287
27217,247430,"bounds",NA,3012,-75
27217,247431,"event",NA,2222,287
27217,247431,"bounds",NA,3012,-75
27217,247432,"event",NA,2222,287
27217,247432,"bounds",NA,3012,-75
27217,247435,"event",NA,2222,287
27217,247435,"bounds",NA,3012,-75
27217,247437,"event",NA,2222,287
27217,247437,"bounds",NA,3012,-75
27217,247438,"event",NA,2222,287
27217,247438,"bounds",NA,3012,-75
27286,247594,"event",NA,45822,11852
27286,247594,"bounds",NA,59287,18252
27946,248670,"event",NA,1942,937
27946,248670,"bounds",NA,2012,867
28034,249019,"event",44632,47252,43002
28034,249019,"bounds",NA,52252,38332
28034,249020,"event",44632,47252,43002
28034,249020,"bounds",NA,52252,38332
28034,249021,"event",44632,47252,43002
28034,249021,"bounds",NA,52252,38332
28107,250525,"event",NA,42012,18967
28107,250525,"bounds",NA,42217,16642
28107,250529,"event",NA,39202,27642
28107,250529,"bounds",NA,39897,27322
28193,253215,"event",NA,1524,0
28193,253215,"bounds",NA,6314,0
28207,253281,"event",NA,3157,582
28207,253281,"bounds",NA,3572,342
28265,253343,"event",NA,41142,13502
28265,253343,"bounds",NA,42567,12937
28319,255857,"event",NA,11700,8192
28319,255857,"bounds",NA,11700,8547
28320,255859,"event",NA,17512,5467
28320,255859,"bounds",NA,16612,6297
28320,255861,"event",NA,4222,887
28320,255861,"bounds",NA,3392,1252
28320,255862,"event",NA,4222,887
28320,255862,"bounds",NA,3392,1252
28320,255864,"event",NA,887,0
28320,255864,"bounds",NA,1252,0
28320,256445,"event",NA,26500,18637
28320,256445,"bounds",NA,26500,19212
28325,255887,"event",NA,11700,6237
28325,255887,"bounds",NA,11700,6357
28325,255888,"event",NA,11700,6237
28325,255888,"bounds",NA,11700,6357
28345,256205,"event",NA,5547,982
28345,256205,"bounds",NA,5717,887
28355,256225,"event",NA,4252,3957
28355,256225,"bounds",NA,4202,3992
28355,256228,"event",NA,4782,4352
28355,256228,"bounds",NA,4697,4397
28355,256229,"event",NA,3637,0
28355,256229,"bounds",NA,3632,0
28355,256230,"event",NA,3637,0
28355,256230,"bounds",NA,3632,0
28355,256231,"event",NA,3637,0
28355,256231,"bounds",NA,3632,0
28355,256232,"event",NA,3637,0
28355,256232,"bounds",NA,3632,0
28355,256233,"event",NA,5622,4962
28355,256233,"bounds",NA,5567,5042
28355,256234,"event",NA,5622,4962
28355,256234,"bounds",NA,5567,5042
28355,256235,"event",NA,5622,4962
28355,256235,"bounds",NA,5567,5042
28356,256247,"event",NA,3282,2927
28356,256247,"bounds",NA,3247,2932
28356,256251,"event",NA,2867,2837
28356,256251,"bounds",NA,2857,2837
28356,256252,"event",NA,3282,2927
28356,256252,"bounds",NA,3247,2932
28356,256253,"event",NA,3282,2927
28356,256253,"bounds",NA,3247,2932
28356,256254,"event",NA,2167,1627
28356,256254,"bounds",NA,2112,1637
28375,256436,"event",NA,4787,3807
28375,256436,"bounds",NA,5132,3052
28546,265346,"event",NA,512,277
28546,265346,"bounds",NA,682,62
28546,265347,"event",NA,512,277
28546,265347,"bounds",NA,682,62
28546,265348,"event",NA,512,277
28546,265348,"bounds",NA,682,62
28669,271601,"event",NA,1077,612
28669,271601,"bounds",NA,1312,442
28669,271602,"event",NA,1077,612
28669,271602,"bounds",NA,1312,442
28669,271603,"event",NA,1077,612
28669,271603,"bounds",NA,1312,442
28669,271604,"event",NA,1077,612
28669,271604,"bounds",NA,1312,442
28669,271605,"event",NA,1077,612
28669,271605,"bounds",NA,1312,442
28669,271606,"event",NA,1077,612
28669,271606,"bounds",NA,1312,442
28669,271607,"event",NA,1077,612
28669,271607,"bounds",NA,1312,442
28669,271608,"event",NA,1077,612
28669,271608,"bounds",NA,1312,442
35065,334490,"event",NA,1002,892
35065,334490,"bounds",NA,1142,757
35065,334491,"event",NA,1002,892
35065,334491,"bounds",NA,1142,757
35065,334492,"event",NA,1002,892
35065,334492,"bounds",NA,1142,757
35334,352320,"event",NA,1552,1262
35334,352320,"bounds",NA,1857,972
35373,501274,"event",NA,14657,12382
35373,501274,"bounds",NA,16397,10632
35373,501275,"event",NA,14657,12382
35373,501275,"bounds",NA,16397,10632
39736,438673,"event",NA,28000,15292
39736,438673,"bounds",NA,28000,15592
40571,457681,"event",NA,302,0
40571,457681,"bounds",NA,72,0
40571,457686,"event",NA,7777,2052
40571,457686,"bounds",NA,6867,2342
41331,468011,"event",NA,607,0
41331,468011,"bounds",NA,-75,-75
41331,468012,"event",NA,607,0
41331,468012,"bounds",NA,-75,-75
41331,468013,"event",1497,2677,607
41331,468013,"bounds",NA,4767,-75
41331,468014,"event",8327,8437,8212
41331,468014,"bounds",NA,8677,7972
41331,468016,"event",NA,9617,9107
41331,468016,"bounds",NA,7842,7842
41331,468018,"event",NA,13107,10792
41331,468018,"bounds",NA,13407,10342
41331,468021,"event",NA,12432,11267
41331,468021,"bounds",NA,12942,10957
41331,468025,"event",1497,2677,607
41331,468025,"bounds",NA,4767,-75
41331,468030,"event",6547,6662,6432
41331,468030,"bounds",NA,6907,6187
41331,468032,"event",1497,2677,607
41331,468032,"bounds",NA,4767,-75
41331,468035,"event",NA,14690,12977
41331,468035,"bounds",NA,14690,13287
41509,468995,"event",NA,50000,32097
41509,468995,"bounds",NA,50000,34077
41509,468997,"event",NA,32097,29797
41509,468997,"bounds",NA,34077,28027
41509,468998,"event",NA,32097,29797
41509,468998,"bounds",NA,50000,34077
41641,477609,"event",21287,26217,16347
41641,477609,"bounds",NA,33712,8782
41641,477610,"event",21287,26217,16347
41641,477610,"bounds",NA,33712,8782
41641,477612,"event",21287,26217,16347
41641,477612,"bounds",NA,33712,8782
41641,477613,"event",21287,26217,16347
41641,477613,"bounds",NA,33712,8782
41641,477614,"event",21287,26217,16347
41641,477614,"bounds",NA,33712,8782
41641,477615,"event",21287,26217,16347
41641,477615,"bounds",NA,33712,8782
41641,477616,"event",21287,26217,16347
41641,477616,"bounds",NA,33712,8782
41641,477617,"event",21287,26217,16347
41641,477617,"bounds",NA,33712,8782
41641,525813,"event",21287,26217,16347
41641,525813,"bounds",NA,33712,8782
42429,511282,"event",NA,36022,13927
42429,511282,"bounds",NA,36242,13452
42429,511283,"event",NA,36022,13927
42429,511283,"bounds",NA,36242,13452
42429,511284,"event",NA,36022,13927
42429,511284,"bounds",NA,36242,13452
42429,511285,"event",NA,36022,13927
42429,511285,"bounds",NA,36242,13452
42429,511286,"event",NA,36022,13927
42429,511286,"bounds",NA,36242,13452
42429,511287,"event",NA,36022,13927
42429,511287,"bounds",NA,36242,13452
42429,511290,"event",NA,36022,13927
42429,511290,"bounds",NA,36242,13452
42429,511292,"event",NA,36022,13927
42429,511292,"bounds",NA,36242,13452
42429,511293,"event",NA,36022,13927
42429,511293,"bounds",NA,36242,13452
42429,511294,"event",NA,36022,13927
42429,511294,"bounds",NA,36242,13452
43651,526060,"event",NA,35812,627
43651,526060,"bounds",NA,48847,487
