"collectionunitid","analysisunitid","chronology.agemodel","sampleages.age","sampleages.ageolder","sampleages.ageyounger","TEMP_chronid"
"4417",80054,"event",NA,22472,6767,"TEMP8"
"4417",80054,"bounds",NA,16857,12867,"TEMP7"
"4419",80058,"event",NA,13432,6772,"TEMP10"
"4419",80058,"bounds",NA,13732,5232,"TEMP9"
"4425",80069,"event",NA,1192,0,"TEMP22"
"4425",80069,"bounds",NA,1022,0,"TEMP21"
"4425",80071,"event",NA,1617,1367,"TEMP22"
"4425",80071,"bounds",NA,1817,1022,"TEMP21"
"4425",80073,"event",NA,8000,1727,"TEMP22"
"4425",80073,"bounds",NA,8000,1817,"TEMP21"
"4427",80095,"event",NA,16862,12852,"TEMP26"
"4427",80095,"bounds",NA,22457,6812,"TEMP25"
"4427",80097,"event",NA,19797,9582,"TEMP26"
"4427",80097,"bounds",NA,22472,6767,"TEMP25"
"4430",352326,"event",NA,27457,7267,"TEMP28"
"4430",352326,"bounds",NA,40662,-75,"TEMP27"
"4430",352327,"event",NA,27457,7267,"TEMP28"
"4430",352327,"bounds",NA,40662,-75,"TEMP27"
"4430",352328,"event",NA,27457,7267,"TEMP28"
"4430",352328,"bounds",NA,40662,-75,"TEMP27"
"4437",80110,"event",NA,28502,1292,"TEMP38"
"4437",80110,"bounds",NA,30082,-75,"TEMP37"
"4437",80111,"event",NA,12317,1292,"TEMP38"
"4437",80111,"bounds",NA,11002,-75,"TEMP37"
"4437",80112,"event",NA,35000,13687,"TEMP38"
"4437",80112,"bounds",NA,35000,14912,"TEMP37"
"4437",80115,"event",NA,12317,1292,"TEMP38"
"4437",80115,"bounds",NA,11002,-75,"TEMP37"
"4437",80116,"event",NA,12317,1292,"TEMP38"
"4437",80116,"bounds",NA,11002,-75,"TEMP37"
"4438",80117,"event",NA,1277,1,"TEMP40"
"4438",80117,"bounds",NA,1247,1,"TEMP39"
"4438",80119,"event",NA,3302,2252,"TEMP40"
"4438",80119,"bounds",NA,3237,2337,"TEMP39"
"4438",80122,"event",NA,1277,1,"TEMP40"
"4438",80122,"bounds",NA,1247,1,"TEMP39"
"4438",80124,"event",NA,1577,1352,"TEMP40"
"4438",80124,"bounds",NA,1542,1387,"TEMP39"
"4438",80125,"event",NA,1577,1352,"TEMP40"
"4438",80125,"bounds",NA,1542,1387,"TEMP39"
"4438",80126,"event",NA,1577,1352,"TEMP40"
"4438",80126,"bounds",NA,1542,1387,"TEMP39"
"4438",80127,"event",NA,1577,1352,"TEMP40"
"4438",80127,"bounds",NA,1542,1387,"TEMP39"
"4438",80128,"event",NA,1577,1352,"TEMP40"
"4438",80128,"bounds",NA,1542,1387,"TEMP39"
"4440",80131,"event",NA,24000,10000,"TEMP44"
"4440",80131,"bounds",NA,24000,10000,"TEMP43"
"4441",80134,"event",NA,35000,10000,"TEMP46"
"4441",80134,"bounds",NA,35000,10000,"TEMP45"
"4443",80140,"event",NA,1300,957,"TEMP50"
"4443",80140,"bounds",NA,1300,1057,"TEMP49"
"4447",80146,"event",27477,27777,27187,"TEMP56"
"4447",80146,"bounds",NA,28462,26497,"TEMP55"
"4447",80148,"event",27477,27777,27187,"TEMP56"
"4447",80148,"bounds",NA,28462,26497,"TEMP55"
"4450",80151,"event",NA,11867,950,"TEMP62"
"4450",80151,"bounds",NA,10872,950,"TEMP61"
"4450",80152,"event",NA,11867,950,"TEMP62"
"4450",80152,"bounds",NA,10872,950,"TEMP61"
"4450",80156,"event",NA,29302,11867,"TEMP62"
"4450",80156,"bounds",NA,36787,10872,"TEMP61"
"4450",80157,"event",NA,29302,11867,"TEMP62"
"4450",80157,"bounds",NA,36787,10872,"TEMP61"
"4450",80159,"event",NA,29302,11867,"TEMP62"
"4450",80159,"bounds",NA,36787,10872,"TEMP61"
"4454",80163,"event",NA,13212,11802,"TEMP64"
"4454",80163,"bounds",NA,14022,11227,"TEMP63"
"4457",80166,"event",NA,997,200,"TEMP70"
"4457",80166,"bounds",NA,997,200,"TEMP69"
"4457",80171,"event",NA,25842,18867,"TEMP70"
"4457",80171,"bounds",NA,19377,19272,"TEMP69"
"4463",80181,"event",NA,2377,1762,"TEMP78"
"4463",80181,"bounds",NA,2362,1792,"TEMP77"
"4463",80182,"event",NA,2377,1762,"TEMP78"
"4463",80182,"bounds",NA,2362,1792,"TEMP77"
"4463",80186,"event",NA,2697,1412,"TEMP78"
"4463",80186,"bounds",NA,2702,1412,"TEMP77"
"4470",80198,"event",NA,8222,1,"TEMP84"
"4470",80198,"bounds",NA,7747,1,"TEMP83"
"4472",80216,"event",NA,35000,14202,"TEMP88"
"4472",80216,"bounds",NA,35000,15467,"TEMP87"
"4472",80217,"event",NA,5417,3642,"TEMP88"
"4472",80217,"bounds",NA,4192,0,"TEMP87"
"4472",80219,"event",NA,13047,6512,"TEMP88"
"4472",80219,"bounds",NA,11777,7732,"TEMP87"
"4472",80220,"event",NA,13047,6512,"TEMP88"
"4472",80220,"bounds",NA,11777,7732,"TEMP87"
"4472",80221,"event",13577,14202,13047,"TEMP88"
"4472",80221,"bounds",NA,15467,11777,"TEMP87"
"4472",80223,"event",13577,14202,13047,"TEMP88"
"4472",80223,"bounds",NA,15467,11777,"TEMP87"
"4472",80224,"event",13577,14202,13047,"TEMP88"
"4472",80224,"bounds",NA,15467,11777,"TEMP87"
"4472",80225,"event",NA,5417,3642,"TEMP88"
"4472",80225,"bounds",NA,4192,0,"TEMP87"
"4472",80226,"event",NA,5417,3642,"TEMP88"
"4472",80226,"bounds",NA,4192,0,"TEMP87"
"4472",80227,"event",NA,5417,3642,"TEMP88"
"4472",80227,"bounds",NA,4192,0,"TEMP87"
"4472",80228,"event",NA,5417,3642,"TEMP88"
"4472",80228,"bounds",NA,4192,0,"TEMP87"
"4472",80229,"event",NA,5417,3642,"TEMP88"
"4472",80229,"bounds",NA,4192,0,"TEMP87"
"4472",80230,"event",NA,5417,3642,"TEMP88"
"4472",80230,"bounds",NA,4192,0,"TEMP87"
"4472",80231,"event",NA,5417,3642,"TEMP88"
"4472",80231,"bounds",NA,4192,0,"TEMP87"
"4472",80232,"event",NA,5417,3642,"TEMP88"
"4472",80232,"bounds",NA,4192,0,"TEMP87"
"4484",80246,"event",NA,24677,2252,"TEMP96"
"4484",80246,"bounds",NA,23322,4407,"TEMP95"
"4484",80248,"event",NA,65000,27217,"TEMP96"
"4484",80248,"bounds",NA,65000,28682,"TEMP95"
"4490",80254,"event",NA,35000,17377,"TEMP100"
"4490",80254,"bounds",NA,35000,17587,"TEMP99"
"4490",80256,"event",NA,17127,9352,"TEMP100"
"4490",80256,"bounds",NA,16912,11012,"TEMP99"
"4490",80257,"event",NA,17127,9352,"TEMP100"
"4490",80257,"bounds",NA,16912,11012,"TEMP99"
"4490",80258,"event",NA,17127,9352,"TEMP100"
"4490",80258,"bounds",NA,16912,11012,"TEMP99"
"4490",80259,"event",NA,17127,9352,"TEMP100"
"4490",80259,"bounds",NA,16912,11012,"TEMP99"
"4490",80260,"event",NA,17127,9352,"TEMP100"
"4490",80260,"bounds",NA,16912,11012,"TEMP99"
"4490",80261,"event",NA,17127,9352,"TEMP100"
"4490",80261,"bounds",NA,16912,11012,"TEMP99"
"4490",80265,"event",NA,2297,0,"TEMP100"
"4490",80265,"bounds",NA,1317,0,"TEMP99"
"4490",80266,"event",NA,3247,0,"TEMP100"
"4490",80266,"bounds",NA,4222,0,"TEMP99"
"4490",80267,"event",NA,5547,2297,"TEMP100"
"4490",80267,"bounds",NA,5907,1317,"TEMP99"
"4490",80268,"event",NA,9352,5207,"TEMP100"
"4490",80268,"bounds",NA,11012,4847,"TEMP99"
"4490",349069,"event",NA,17587,1317,"TEMP100"
"4490",349069,"bounds",NA,17377,2297,"TEMP99"
"4490",350190,"event",NA,17377,2297,"TEMP100"
"4490",350190,"bounds",NA,17587,1317,"TEMP99"
"4490",350720,"event",NA,17587,1317,"TEMP100"
"4490",350720,"bounds",NA,17377,2297,"TEMP99"
"4490",350776,"event",NA,17587,1317,"TEMP100"
"4490",350776,"bounds",NA,17377,2297,"TEMP99"
"4491",80269,"event",NA,41347,26197,"TEMP102"
"4491",80269,"bounds",NA,48497,22772,"TEMP101"
"4491",80270,"event",NA,41347,26197,"TEMP102"
"4491",80270,"bounds",NA,48497,22772,"TEMP101"
"4491",80271,"event",NA,41347,26197,"TEMP102"
"4491",80271,"bounds",NA,48497,22772,"TEMP101"
"4491",80272,"event",NA,41347,26197,"TEMP102"
"4491",80272,"bounds",NA,48497,22772,"TEMP101"
"4491",80276,"event",NA,41347,26197,"TEMP102"
"4491",80276,"bounds",NA,48497,22772,"TEMP101"
"4491",80277,"event",NA,41347,26197,"TEMP102"
"4491",80277,"bounds",NA,48497,22772,"TEMP101"
"4491",80278,"event",NA,41347,26197,"TEMP102"
"4491",80278,"bounds",NA,48497,22772,"TEMP101"
"4491",80279,"event",NA,41347,26197,"TEMP102"
"4491",80279,"bounds",NA,48497,22772,"TEMP101"
"4491",80280,"event",NA,41347,26197,"TEMP102"
"4491",80280,"bounds",NA,48497,22772,"TEMP101"
"4491",80281,"event",NA,41347,26197,"TEMP102"
"4491",80281,"bounds",NA,48497,22772,"TEMP101"
"4491",80282,"event",NA,41347,26197,"TEMP102"
"4491",80282,"bounds",NA,48497,22772,"TEMP101"
"4491",80283,"event",NA,41347,26197,"TEMP102"
"4491",80283,"bounds",NA,48497,22772,"TEMP101"
"4491",80284,"event",NA,41347,26197,"TEMP102"
"4491",80284,"bounds",NA,48497,22772,"TEMP101"
"4491",80285,"event",NA,41347,26197,"TEMP102"
"4491",80285,"bounds",NA,48497,22772,"TEMP101"
"4491",80286,"event",NA,41347,26197,"TEMP102"
"4491",80286,"bounds",NA,48497,22772,"TEMP101"
"4491",80287,"event",NA,41347,26197,"TEMP102"
"4491",80287,"bounds",NA,48497,22772,"TEMP101"
"4491",80288,"event",NA,41347,26197,"TEMP102"
"4491",80288,"bounds",NA,48497,22772,"TEMP101"
"4491",80289,"event",NA,41347,26197,"TEMP102"
"4491",80289,"bounds",NA,48497,22772,"TEMP101"
"4491",80290,"event",NA,41347,26197,"TEMP102"
"4491",80290,"bounds",NA,48497,22772,"TEMP101"
"4491",80291,"event",NA,41347,26197,"TEMP102"
"4491",80291,"bounds",NA,48497,22772,"TEMP101"
"4491",80292,"event",NA,41347,26197,"TEMP102"
"4491",80292,"bounds",NA,48497,22772,"TEMP101"
"4491",80293,"event",NA,41347,26197,"TEMP102"
"4491",80293,"bounds",NA,48497,22772,"TEMP101"
"4493",80296,"event",NA,16702,3672,"TEMP106"
"4493",80296,"bounds",NA,16007,4477,"TEMP105"
"4493",80297,"event",NA,16702,3672,"TEMP106"
"4493",80297,"bounds",NA,16007,4477,"TEMP105"
"4504",80309,"event",NA,482,0,"TEMP122"
"4504",80309,"bounds",NA,-8,-75,"TEMP121"
"4504",80310,"event",NA,10482,3017,"TEMP122"
"4504",80310,"bounds",NA,9147,3597,"TEMP121"
"4504",80311,"event",NA,10482,3017,"TEMP122"
"4504",80311,"bounds",NA,9147,3597,"TEMP121"
"4504",80312,"event",NA,10482,3017,"TEMP122"
"4504",80312,"bounds",NA,9147,3597,"TEMP121"
"4504",80313,"event",NA,10482,3017,"TEMP122"
"4504",80313,"bounds",NA,9147,3597,"TEMP121"
"4504",80314,"event",NA,10482,3017,"TEMP122"
"4504",80314,"bounds",NA,9147,3597,"TEMP121"
"4504",80316,"event",NA,12632,10482,"TEMP122"
"4504",80316,"bounds",NA,14327,9147,"TEMP121"
"4504",80318,"event",NA,14800,12632,"TEMP122"
"4504",80318,"bounds",NA,14800,14327,"TEMP121"
"4504",80319,"event",NA,14800,12622,"TEMP122"
"4504",80319,"bounds",NA,14800,14287,"TEMP121"
"4504",80321,"event",NA,14800,12622,"TEMP122"
"4504",80321,"bounds",NA,14800,14287,"TEMP121"
"4504",80322,"event",NA,14800,12622,"TEMP122"
"4504",80322,"bounds",NA,14800,14287,"TEMP121"
"4504",80323,"event",NA,14800,12622,"TEMP122"
"4504",80323,"bounds",NA,14800,14287,"TEMP121"
"4504",80325,"event",NA,2382,1607,"TEMP122"
"4504",80325,"bounds",NA,3574,864,"TEMP121"
"4504",80326,"event",NA,2382,1607,"TEMP122"
"4504",80326,"bounds",NA,3574,864,"TEMP121"
"4504",80328,"event",NA,3017,2382,"TEMP122"
"4504",80328,"bounds",NA,3597,1792,"TEMP121"
"4504",80330,"event",NA,10482,3017,"TEMP122"
"4504",80330,"bounds",NA,9147,3597,"TEMP121"
"4505",80332,"event",NA,24822,23467,"TEMP124"
"4505",80332,"bounds",NA,24767,23662,"TEMP123"
"4505",80333,"event",NA,24822,23467,"TEMP124"
"4505",80333,"bounds",NA,24767,23662,"TEMP123"
"4505",80335,"event",9747,10212,9297,"TEMP124"
"4505",80335,"bounds",NA,11007,8492,"TEMP123"
"4505",80345,"event",NA,1727,1132,"TEMP124"
"4505",80345,"bounds",NA,1522,1292,"TEMP123"
"4505",80348,"event",NA,542,202,"TEMP124"
"4505",80348,"bounds",NA,527,282,"TEMP123"
"4536",80380,"event",NA,1117,350,"TEMP142"
"4536",80380,"bounds",NA,1082,350,"TEMP141"
"4536",80381,"event",NA,987,350,"TEMP142"
"4536",80381,"bounds",NA,1012,350,"TEMP141"
"4536",80385,"event",NA,747,697,"TEMP142"
"4536",80385,"bounds",NA,752,682,"TEMP141"
"4539",80389,"event",NA,12402,1,"TEMP148"
"4539",80389,"bounds",NA,11562,1,"TEMP147"
"4541",80393,"event",NA,17507,12472,"TEMP152"
"4541",80393,"bounds",NA,18777,11442,"TEMP151"
"4541",80394,"event",NA,17507,12472,"TEMP152"
"4541",80394,"bounds",NA,18777,11442,"TEMP151"
"4541",80395,"event",NA,17507,12472,"TEMP152"
"4541",80395,"bounds",NA,18777,11442,"TEMP151"
"4541",80397,"event",NA,17507,12472,"TEMP152"
"4541",80397,"bounds",NA,18777,11442,"TEMP151"
"4541",80398,"event",NA,17507,12472,"TEMP152"
"4541",80398,"bounds",NA,18777,11442,"TEMP151"
"4541",80399,"event",NA,17507,12472,"TEMP152"
"4541",80399,"bounds",NA,18777,11442,"TEMP151"
"4541",80400,"event",NA,17507,12472,"TEMP152"
"4541",80400,"bounds",NA,18777,11442,"TEMP151"
"4541",80401,"event",NA,17507,12472,"TEMP152"
"4541",80401,"bounds",NA,18777,11442,"TEMP151"
"4541",80403,"event",NA,17507,12472,"TEMP152"
"4541",80403,"bounds",NA,18777,11442,"TEMP151"
"4541",80404,"event",NA,17507,12472,"TEMP152"
"4541",80404,"bounds",NA,18777,11442,"TEMP151"
"4541",80405,"event",NA,17507,12472,"TEMP152"
"4541",80405,"bounds",NA,18777,11442,"TEMP151"
"4541",80407,"event",NA,17507,12472,"TEMP152"
"4541",80407,"bounds",NA,18777,11442,"TEMP151"
"4542",80408,"event",NA,3402,1962,"TEMP154"
"4542",80408,"bounds",NA,4622,732,"TEMP153"
"4542",80409,"event",NA,26000,21042,"TEMP154"
"4542",80409,"bounds",NA,26000,22672,"TEMP153"
"4542",80410,"event",NA,26000,21042,"TEMP154"
"4542",80410,"bounds",NA,26000,22672,"TEMP153"
"4542",80411,"event",NA,26000,21042,"TEMP154"
"4542",80411,"bounds",NA,26000,22672,"TEMP153"
"4542",80416,"event",NA,19072,3997,"TEMP154"
"4542",80416,"bounds",NA,17412,4217,"TEMP153"
"4542",80417,"event",NA,19072,3997,"TEMP154"
"4542",80417,"bounds",NA,17412,4217,"TEMP153"
"4542",96109,"event",NA,26000,21042,"TEMP154"
"4542",96109,"bounds",NA,26000,22672,"TEMP153"
"4542",96110,"event",NA,19072,3997,"TEMP154"
"4542",96110,"bounds",NA,17412,4217,"TEMP153"
"4542",96111,"event",NA,26000,21042,"TEMP154"
"4542",96111,"bounds",NA,26000,22672,"TEMP153"
"4553",80437,"event",14052,14327,13867,"TEMP158"
"4553",80437,"bounds",NA,14812,13492,"TEMP157"
"4553",80439,"event",2752,2837,2672,"TEMP158"
"4553",80439,"bounds",NA,3012,2497,"TEMP157"
"4553",80440,"event",NA,6992,1352,"TEMP158"
"4553",80440,"bounds",NA,6447,1127,"TEMP157"
"4570",80458,"event",NA,4562,57,"TEMP170"
"4570",80458,"bounds",NA,4517,0,"TEMP169"
"4570",80460,"event",NA,3837,322,"TEMP170"
"4570",80460,"bounds",NA,3797,522,"TEMP169"
"4570",80463,"event",NA,3837,57,"TEMP170"
"4570",80463,"bounds",NA,3797,0,"TEMP169"
"4592",80487,"event",NA,12297,10292,"TEMP180"
"4592",80487,"bounds",NA,19434,6864,"TEMP179"
"4592",80489,"event",NA,8487,0,"TEMP180"
"4592",80489,"bounds",NA,6877,0,"TEMP179"
"4593",80491,"event",NA,10767,442,"TEMP182"
"4593",80491,"bounds",NA,15842,-63,"TEMP181"
"4593",80492,"event",NA,10767,442,"TEMP182"
"4593",80492,"bounds",NA,15842,-63,"TEMP181"
"4600",80505,"event",NA,12017,0,"TEMP194"
"4600",80505,"event",NA,11522,0,"TEMP194"
"4600",80506,"event",NA,12017,0,"TEMP194"
"4600",80506,"event",NA,11522,0,"TEMP194"
"4600",80507,"event",NA,12017,500,"TEMP194"
"4600",80507,"event",NA,11522,500,"TEMP194"
"4605",80517,"event",NA,5902,0,"TEMP202"
"4605",80517,"bounds",NA,3752,0,"TEMP201"
"4605",80519,"event",NA,9852,8387,"TEMP202"
"4605",80519,"bounds",NA,9612,3752,"TEMP201"
"4605",80520,"event",NA,9852,8387,"TEMP202"
"4605",80520,"bounds",NA,9612,3752,"TEMP201"
"4605",80521,"event",NA,9852,5902,"TEMP202"
"4605",80521,"bounds",NA,9612,3752,"TEMP201"
"4605",80522,"event",NA,9852,5902,"TEMP202"
"4605",80522,"bounds",NA,9612,3752,"TEMP201"
"4606",80523,"event",NA,12907,5000,"TEMP204"
"4606",80523,"bounds",NA,10282,5000,"TEMP203"
"4606",80524,"event",NA,12907,11700,"TEMP204"
"4606",80524,"bounds",NA,18012,11700,"TEMP203"
"4606",80525,"event",NA,12907,11700,"TEMP204"
"4606",80525,"bounds",NA,18012,11700,"TEMP203"
"4607",80528,"event",NA,2417,1607,"TEMP206"
"4607",80528,"bounds",NA,2742,1337,"TEMP205"
"4607",80530,"event",NA,4212,2137,"TEMP206"
"4607",80530,"bounds",NA,4292,1817,"TEMP205"
"4607",80532,"event",NA,5487,4087,"TEMP206"
"4607",80532,"bounds",NA,4972,3997,"TEMP205"
"4607",80533,"event",NA,6122,4087,"TEMP206"
"4607",80533,"bounds",NA,6637,3997,"TEMP205"
"4607",80534,"event",NA,5487,4212,"TEMP206"
"4607",80534,"bounds",NA,4972,4292,"TEMP205"
"4607",80535,"event",NA,6122,4212,"TEMP206"
"4607",80535,"bounds",NA,6637,4292,"TEMP205"
"4607",80537,"event",NA,7362,5487,"TEMP206"
"4607",80537,"bounds",NA,7582,4972,"TEMP205"
"4607",80538,"event",NA,9377,5487,"TEMP206"
"4607",80538,"bounds",NA,9697,4972,"TEMP205"
"4607",80542,"event",NA,10517,8142,"TEMP206"
"4607",80542,"bounds",NA,10967,7517,"TEMP205"
"4607",80544,"event",NA,10517,1607,"TEMP206"
"4607",80544,"bounds",NA,10967,1337,"TEMP205"
"4673",80628,"event",NA,1702,1097,"TEMP262"
"4673",80628,"bounds",NA,1717,1082,"TEMP261"
"4677",80634,"event",NA,5817,1227,"TEMP266"
"4677",80634,"bounds",NA,6127,892,"TEMP265"
"4691",92066,"event",NA,5642,2292,"TEMP278"
"4691",92066,"bounds",NA,5462,1752,"TEMP277"
"4718",80691,"event",NA,48352,12912,"TEMP288"
"4718",80691,"bounds",NA,53862,11292,"TEMP287"
"4718",80692,"event",NA,48352,12912,"TEMP288"
"4718",80692,"bounds",NA,53862,11292,"TEMP287"
"4718",80693,"event",NA,48352,12912,"TEMP288"
"4718",80693,"bounds",NA,53862,11292,"TEMP287"
"4718",80696,"event",NA,48352,12912,"TEMP288"
"4718",80696,"bounds",NA,53862,11292,"TEMP287"
"4718",80697,"event",NA,48352,12912,"TEMP288"
"4718",80697,"bounds",NA,53862,11292,"TEMP287"
"4718",80698,"event",NA,48352,12912,"TEMP288"
"4718",80698,"bounds",NA,53862,11292,"TEMP287"
"4718",80700,"event",NA,48352,12912,"TEMP288"
"4718",80700,"bounds",NA,53862,11292,"TEMP287"
"4839",80901,"event",NA,2257,1377,"TEMP374"
"4839",80901,"bounds",NA,3097,612,"TEMP373"
"4840",80902,"event",1832,1952,1727,"TEMP376"
"4840",80902,"bounds",NA,2197,1482,"TEMP375"
"4840",80903,"event",1832,1952,1727,"TEMP376"
"4840",80903,"bounds",NA,2197,1482,"TEMP375"
"4840",80905,"event",1832,1952,1727,"TEMP376"
"4840",80905,"bounds",NA,2197,1482,"TEMP375"
"4845",80914,"event",NA,6502,3292,"TEMP386"
"4845",80914,"bounds",NA,6112,3442,"TEMP385"
"4845",80916,"event",NA,9077,6857,"TEMP386"
"4845",80916,"bounds",NA,8842,7182,"TEMP385"
"4871",80943,"event",NA,1802,1447,"TEMP404"
"4871",80943,"bounds",NA,2017,1252,"TEMP403"
"4871",80944,"event",NA,1802,1447,"TEMP404"
"4871",80944,"bounds",NA,2017,1252,"TEMP403"
"4871",80945,"event",NA,1802,1447,"TEMP404"
"4871",80945,"bounds",NA,2017,1252,"TEMP403"
"4889",80966,"event",NA,8067,397,"TEMP418"
"4889",80966,"bounds",NA,8122,347,"TEMP417"
"4913",80994,"event",322,367,277,"TEMP446"
"4913",80994,"bounds",NA,467,192,"TEMP445"
"4913",80995,"event",322,367,277,"TEMP446"
"4913",80995,"bounds",NA,467,192,"TEMP445"
"4913",80996,"event",322,367,277,"TEMP446"
"4913",80996,"bounds",NA,467,192,"TEMP445"
"4913",80997,"event",322,367,277,"TEMP446"
"4913",80997,"bounds",NA,467,192,"TEMP445"
"4913",80998,"event",322,367,277,"TEMP446"
"4913",80998,"bounds",NA,467,192,"TEMP445"
"4913",80999,"event",322,367,277,"TEMP446"
"4913",80999,"bounds",NA,467,192,"TEMP445"
"4913",81000,"event",322,367,277,"TEMP446"
"4913",81000,"bounds",NA,467,192,"TEMP445"
"4913",81001,"event",322,367,277,"TEMP446"
"4913",81001,"bounds",NA,467,192,"TEMP445"
"4914",81003,"event",NA,597,432,"TEMP448"
"4914",81003,"bounds",NA,597,432,"TEMP447"
"4954",81049,"event",NA,1787,947,"TEMP474"
"4954",81049,"bounds",NA,1822,907,"TEMP473"
"5046",81165,"event",NA,21000,15197,"TEMP590"
"5046",81165,"bounds",NA,21000,19612,"TEMP589"
"5046",81166,"event",NA,2807,0,"TEMP590"
"5046",81166,"bounds",NA,847,0,"TEMP589"
"5190",81328,"event",NA,6500,4407,"TEMP644"
"5190",81328,"bounds",NA,6500,5932,"TEMP643"
"5206",81351,"event",NA,9502,1092,"TEMP650"
"5206",81351,"bounds",NA,9362,1207,"TEMP649"
"5206",81353,"event",NA,9697,937,"TEMP650"
"5206",81353,"bounds",NA,9867,812,"TEMP649"
"5212",81362,"event",NA,1362,0,"TEMP652"
"5212",81362,"bounds",NA,1187,0,"TEMP651"
"5212",81364,"event",NA,9552,9057,"TEMP652"
"5212",81364,"bounds",NA,9572,9062,"TEMP651"
"5212",81367,"event",NA,8842,4062,"TEMP652"
"5212",81367,"bounds",NA,8907,3562,"TEMP651"
"5212",81369,"event",NA,4772,1362,"TEMP652"
"5212",81369,"bounds",NA,5307,1187,"TEMP651"
"5212",81371,"event",NA,9552,1362,"TEMP652"
"5212",81371,"bounds",NA,9572,1187,"TEMP651"
"5212",81372,"event",NA,9552,1362,"TEMP652"
"5212",81372,"bounds",NA,9572,1187,"TEMP651"
"5226",81390,"event",NA,24832,6812,"TEMP666"
"5226",81390,"bounds",NA,28002,4257,"TEMP665"
"5226",81391,"event",NA,24832,6812,"TEMP666"
"5226",81391,"bounds",NA,28002,4257,"TEMP665"
"5226",81392,"event",NA,6812,0,"TEMP666"
"5226",81392,"bounds",NA,4257,0,"TEMP665"
"5226",81393,"event",NA,6812,0,"TEMP666"
"5226",81393,"bounds",NA,4257,0,"TEMP665"
"5226",81394,"event",8472,10167,6812,"TEMP666"
"5226",81394,"bounds",NA,13132,4257,"TEMP665"
"5226",81396,"event",8472,10167,6812,"TEMP666"
"5226",81396,"bounds",NA,13132,4257,"TEMP665"
"5226",81397,"event",8472,10167,6812,"TEMP666"
"5226",81397,"bounds",NA,13132,4257,"TEMP665"
"5226",81398,"event",8472,10167,6812,"TEMP666"
"5226",81398,"bounds",NA,13132,4257,"TEMP665"
"5226",81402,"event",NA,24832,7907,"TEMP666"
"5226",81402,"bounds",NA,28002,5192,"TEMP665"
"5239",81416,"event",NA,2132,0,"TEMP680"
"5239",81416,"bounds",NA,2112,0,"TEMP679"
"5239",81417,"event",NA,2132,0,"TEMP680"
"5239",81417,"bounds",NA,2112,0,"TEMP679"
"5239",81418,"event",NA,2262,0,"TEMP680"
"5239",81418,"bounds",NA,2282,0,"TEMP679"
"5239",81420,"event",NA,2262,2132,"TEMP680"
"5239",81420,"bounds",NA,2282,2112,"TEMP679"
"5239",81421,"event",NA,2262,2132,"TEMP680"
"5239",81421,"bounds",NA,2282,2112,"TEMP679"
"5239",81422,"event",NA,2262,2132,"TEMP680"
"5239",81422,"bounds",NA,2282,2112,"TEMP679"
"5239",81423,"event",NA,2262,2132,"TEMP680"
"5239",81423,"bounds",NA,2282,2112,"TEMP679"
"5313",81507,"event",NA,632,92,"TEMP692"
"5313",81507,"bounds",NA,967,-75,"TEMP691"
"5313",81508,"event",NA,632,92,"TEMP692"
"5313",81508,"bounds",NA,967,-75,"TEMP691"
"5313",81509,"event",NA,632,92,"TEMP692"
"5313",81509,"bounds",NA,967,-75,"TEMP691"
"5313",81510,"event",NA,632,92,"TEMP692"
"5313",81510,"bounds",NA,967,-75,"TEMP691"
"5313",81512,"event",NA,632,92,"TEMP692"
"5313",81512,"bounds",NA,967,-75,"TEMP691"
"5314",81515,"event",NA,5932,5777,"TEMP694"
"5314",81515,"bounds",NA,6937,4292,"TEMP693"
"5314",81516,"event",NA,5932,5777,"TEMP694"
"5314",81516,"bounds",NA,6937,4292,"TEMP693"
"5314",81518,"event",NA,6912,5932,"TEMP694"
"5314",81518,"bounds",NA,7907,5412,"TEMP693"
"5314",81521,"event",NA,7362,6837,"TEMP694"
"5314",81521,"bounds",NA,8422,5957,"TEMP693"
"5314",81525,"event",NA,9252,8192,"TEMP694"
"5314",81525,"bounds",NA,9927,7577,"TEMP693"
"5314",81529,"event",NA,9117,8872,"TEMP694"
"5314",81529,"bounds",NA,9722,8492,"TEMP693"
"5314",81533,"event",NA,10327,9512,"TEMP694"
"5314",81533,"bounds",NA,10207,9607,"TEMP693"
"5314",81534,"event",NA,10327,9512,"TEMP694"
"5314",81534,"bounds",NA,10207,9607,"TEMP693"
"5314",81536,"event",NA,12662,10522,"TEMP694"
"5314",81536,"bounds",NA,12267,10647,"TEMP693"
"5314",81538,"event",NA,4707,1757,"TEMP694"
"5314",81538,"bounds",NA,4557,1182,"TEMP693"
"5334",81565,"event",11182,11487,10827,"TEMP708"
"5334",81565,"bounds",NA,12107,10172,"TEMP707"
"5334",81566,"event",11182,11487,10827,"TEMP708"
"5334",81566,"bounds",NA,12107,10172,"TEMP707"
"5334",81567,"event",11182,11487,10827,"TEMP708"
"5334",81567,"bounds",NA,12107,10172,"TEMP707"
"5334",81568,"event",11182,11487,10827,"TEMP708"
"5334",81568,"bounds",NA,12107,10172,"TEMP707"
"5334",81569,"event",11182,11487,10827,"TEMP708"
"5334",81569,"bounds",NA,12107,10172,"TEMP707"
"5389",81653,"event",NA,5112,0,"TEMP732"
"5389",81653,"bounds",NA,4242,0,"TEMP731"
"5472",81761,"event",NA,8672,1357,"TEMP754"
"5472",81761,"bounds",NA,6577,1697,"TEMP753"
"5495",81793,"event",NA,307,0,"TEMP774"
"5495",81793,"bounds",NA,227,0,"TEMP773"
"5495",81795,"event",NA,1002,307,"TEMP774"
"5495",81795,"bounds",NA,892,227,"TEMP773"
"5495",81797,"event",NA,2922,1197,"TEMP774"
"5495",81797,"bounds",NA,2502,1302,"TEMP773"
"5499",81806,"event",NA,11700,7187,"TEMP782"
"5499",81806,"bounds",NA,11700,7662,"TEMP781"
"5499",81815,"event",NA,6362,4917,"TEMP782"
"5499",81815,"bounds",NA,5897,5182,"TEMP781"
"5499",81818,"event",NA,4962,4642,"TEMP782"
"5499",81818,"bounds",NA,5637,4192,"TEMP781"
"5499",81820,"event",NA,4382,3362,"TEMP782"
"5499",81820,"bounds",NA,4192,3112,"TEMP781"
"5547",81871,"event",NA,4437,3522,"TEMP798"
"5547",81871,"bounds",NA,4282,3477,"TEMP797"
"5547",81872,"event",NA,4832,4437,"TEMP798"
"5547",81872,"bounds",NA,5177,4282,"TEMP797"
"5547",81873,"event",NA,5797,5787,"TEMP798"
"5547",81873,"bounds",NA,6937,5617,"TEMP797"
"5547",81875,"event",NA,8000,6357,"TEMP798"
"5547",81875,"bounds",NA,8000,6937,"TEMP797"
"5547",81876,"event",2277,2667,1887,"TEMP798"
"5547",81876,"bounds",NA,3282,1267,"TEMP797"
"5547",81877,"event",2277,2667,1887,"TEMP798"
"5547",81877,"bounds",NA,3282,1267,"TEMP797"
"5547",81878,"event",2277,2667,1887,"TEMP798"
"5547",81878,"bounds",NA,3282,1267,"TEMP797"
"5547",81879,"event",NA,3257,2667,"TEMP798"
"5547",81879,"bounds",NA,3507,1267,"TEMP797"
"5547",81881,"event",NA,777,622,"TEMP798"
"5547",81881,"bounds",NA,1322,522,"TEMP797"
"5547",81883,"event",NA,3612,3162,"TEMP798"
"5547",81883,"bounds",NA,3662,2757,"TEMP797"
"5547",81886,"event",NA,5797,4832,"TEMP798"
"5547",81886,"bounds",NA,5682,5177,"TEMP797"
"5547",81888,"event",NA,1887,1052,"TEMP798"
"5547",81888,"bounds",NA,3282,507,"TEMP797"
"5547",81889,"event",NA,6047,5787,"TEMP798"
"5547",81889,"bounds",NA,6247,5617,"TEMP797"
"5547",81890,"event",NA,6047,5787,"TEMP798"
"5547",81890,"bounds",NA,6247,5617,"TEMP797"
"5547",81891,"event",NA,6047,5787,"TEMP798"
"5547",81891,"bounds",NA,6247,5617,"TEMP797"
"5547",81892,"event",NA,6047,5787,"TEMP798"
"5547",81892,"bounds",NA,6247,5617,"TEMP797"
"5547",81893,"event",NA,8000,6357,"TEMP798"
"5547",81893,"bounds",NA,8000,6937,"TEMP797"
"5547",81894,"event",NA,8000,6357,"TEMP798"
"5547",81894,"bounds",NA,8000,6937,"TEMP797"
"5547",81895,"event",NA,8000,6357,"TEMP798"
"5547",81895,"bounds",NA,8000,6937,"TEMP797"
"5547",81896,"event",NA,8000,6357,"TEMP798"
"5547",81896,"bounds",NA,8000,6937,"TEMP797"
"5547",81897,"event",NA,8000,6357,"TEMP798"
"5547",81897,"bounds",NA,8000,6937,"TEMP797"
"5547",81898,"event",NA,3527,3257,"TEMP798"
"5547",81898,"bounds",NA,3932,3157,"TEMP797"
"5586",81946,"event",NA,7907,4212,"TEMP806"
"5586",81946,"bounds",NA,7392,2902,"TEMP805"
"5586",81947,"event",NA,4212,1722,"TEMP806"
"5586",81947,"bounds",NA,2902,1387,"TEMP805"
"5590",81953,"event",NA,1407,0,"TEMP810"
"5590",81953,"bounds",NA,1307,0,"TEMP809"
"5590",81955,"event",NA,2822,1577,"TEMP810"
"5590",81955,"bounds",NA,2667,1697,"TEMP809"
"5590",81957,"event",NA,3977,3047,"TEMP810"
"5590",81957,"bounds",NA,3847,3207,"TEMP809"
"5590",81959,"event",NA,5032,4177,"TEMP810"
"5590",81959,"bounds",NA,4952,4307,"TEMP809"
"5590",81961,"event",NA,5787,1407,"TEMP810"
"5590",81961,"bounds",NA,5832,1307,"TEMP809"
"5590",81962,"event",NA,5787,1407,"TEMP810"
"5590",81962,"bounds",NA,5832,1307,"TEMP809"
"5590",81963,"event",NA,5787,1407,"TEMP810"
"5590",81963,"bounds",NA,5832,1307,"TEMP809"
"5590",81964,"event",NA,5787,1407,"TEMP810"
"5590",81964,"bounds",NA,5832,1307,"TEMP809"
"5590",81965,"event",NA,5787,1407,"TEMP810"
"5590",81965,"bounds",NA,5832,1307,"TEMP809"
"5590",81966,"event",NA,5787,1407,"TEMP810"
"5590",81966,"bounds",NA,5832,1307,"TEMP809"
"5594",81976,"event",NA,2797,2457,"TEMP814"
"5594",81976,"bounds",NA,2852,797,"TEMP813"
"5594",81978,"event",NA,2457,1042,"TEMP814"
"5594",81978,"bounds",NA,3242,372,"TEMP813"
"5594",81980,"event",NA,1042,607,"TEMP814"
"5594",81980,"bounds",NA,2582,112,"TEMP813"
"5601",82003,"event",NA,13612,11700,"TEMP816"
"5601",82003,"bounds",NA,13512,11700,"TEMP815"
"5602",82007,"event",NA,27282,1317,"TEMP818"
"5602",82007,"bounds",NA,27847,1127,"TEMP817"
"5602",82008,"event",NA,27282,1317,"TEMP818"
"5602",82008,"bounds",NA,27847,1127,"TEMP817"
"5602",82009,"event",NA,27282,1317,"TEMP818"
"5602",82009,"bounds",NA,27847,1127,"TEMP817"
"5602",91831,"event",NA,27282,22657,"TEMP818"
"5602",91831,"bounds",NA,27847,25722,"TEMP817"
"5606",82034,"event",NA,547,0,"TEMP824"
"5606",82034,"bounds",NA,367,0,"TEMP823"
"5606",82035,"event",NA,6000,2252,"TEMP824"
"5606",82035,"bounds",NA,6000,2572,"TEMP823"
"5606",82036,"event",NA,6000,2252,"TEMP824"
"5606",82036,"bounds",NA,6000,2572,"TEMP823"
"5606",82037,"event",NA,6000,2252,"TEMP824"
"5606",82037,"bounds",NA,6000,2572,"TEMP823"
"5606",82040,"event",NA,1912,717,"TEMP824"
"5606",82040,"bounds",NA,1587,897,"TEMP823"
"5606",82042,"event",NA,6000,2252,"TEMP824"
"5606",82042,"bounds",NA,6000,2572,"TEMP823"
"5610",82046,"event",NA,6827,0,"TEMP830"
"5610",82046,"bounds",NA,4382,0,"TEMP829"
"5611",82050,"event",NA,8662,3697,"TEMP832"
"5611",82050,"bounds",NA,8112,4307,"TEMP831"
"5614",82058,"event",NA,4302,0,"TEMP838"
"5614",82058,"bounds",NA,3587,0,"TEMP837"
"5615",82061,"event",NA,14152,13342,"TEMP840"
"5615",82061,"bounds",NA,14872,12667,"TEMP839"
"5622",82087,"event",NA,14787,13067,"TEMP854"
"5622",82087,"bounds",NA,15037,12872,"TEMP853"
"5623",82094,"event",NA,10652,0,"TEMP856"
"5623",82094,"bounds",NA,9787,0,"TEMP855"
"5623",82095,"event",NA,10652,0,"TEMP856"
"5623",82095,"bounds",NA,9787,0,"TEMP855"
"5623",85044,"event",NA,10652,0,"TEMP856"
"5623",85044,"bounds",NA,9787,0,"TEMP855"
"5623",85045,"event",NA,25177,11442,"TEMP856"
"5623",85045,"bounds",NA,24122,12312,"TEMP855"
"5628",82107,"event",NA,11717,8357,"TEMP860"
"5628",82107,"bounds",NA,12132,7922,"TEMP859"
"5628",82108,"event",NA,2227,0,"TEMP860"
"5628",82108,"bounds",NA,957,0,"TEMP859"
"5628",91841,"event",NA,21000,13127,"TEMP860"
"5628",91841,"bounds",NA,21000,13252,"TEMP859"
"5628",91842,"event",NA,21000,13127,"TEMP860"
"5628",91842,"bounds",NA,21000,13252,"TEMP859"
"5700",82196,"event",NA,1692,1442,"TEMP968"
"5700",82196,"bounds",NA,2297,927,"TEMP967"
"5708",82206,"event",NA,9777,657,"TEMP976"
"5708",82206,"bounds",NA,10147,87,"TEMP975"
"5708",82208,"event",NA,932,657,"TEMP976"
"5708",82208,"bounds",NA,612,87,"TEMP975"
"5708",82209,"event",NA,1352,932,"TEMP976"
"5708",82209,"bounds",NA,1732,612,"TEMP975"
"5708",82210,"event",NA,1352,932,"TEMP976"
"5708",82210,"bounds",NA,1732,612,"TEMP975"
"5708",82214,"event",NA,11700,9777,"TEMP976"
"5708",82214,"bounds",NA,11700,10147,"TEMP975"
"5711",82221,"event",NA,11700,8617,"TEMP982"
"5711",82221,"bounds",NA,11700,8917,"TEMP981"
"5711",82223,"event",NA,5907,5067,"TEMP982"
"5711",82223,"bounds",NA,6317,4477,"TEMP981"
"5711",82224,"event",NA,5627,5547,"TEMP982"
"5711",82224,"bounds",NA,6227,5132,"TEMP981"
"5711",82225,"event",NA,5627,5547,"TEMP982"
"5711",82225,"bounds",NA,6227,5132,"TEMP981"
"5711",82228,"event",NA,5252,3637,"TEMP982"
"5711",82228,"bounds",NA,5617,3212,"TEMP981"
"5711",82230,"event",NA,4037,3507,"TEMP982"
"5711",82230,"bounds",NA,4462,3362,"TEMP981"
"5711",82231,"event",NA,4037,3507,"TEMP982"
"5711",82231,"bounds",NA,4462,3362,"TEMP981"
"5711",82233,"event",NA,4037,3507,"TEMP982"
"5711",82233,"bounds",NA,4462,3362,"TEMP981"
"5711",82234,"event",NA,4037,3507,"TEMP982"
"5711",82234,"bounds",NA,4462,3362,"TEMP981"
"5711",82236,"event",NA,8297,8042,"TEMP982"
"5711",82236,"bounds",NA,8917,7512,"TEMP981"
"5711",82239,"event",NA,7827,6792,"TEMP982"
"5711",82239,"bounds",NA,8487,5992,"TEMP981"
"5711",82240,"event",NA,7827,6792,"TEMP982"
"5711",82240,"bounds",NA,8487,5992,"TEMP981"
"5711",82242,"event",NA,6792,5907,"TEMP982"
"5711",82242,"bounds",NA,8357,5132,"TEMP981"
"5722",82275,"event",NA,4797,4702,"TEMP988"
"5722",82275,"bounds",NA,4832,4667,"TEMP987"
"5722",82276,"event",NA,4797,4702,"TEMP988"
"5722",82276,"bounds",NA,4832,4667,"TEMP987"
"5722",82277,"event",NA,4797,4702,"TEMP988"
"5722",82277,"bounds",NA,4832,4667,"TEMP987"
"5722",82278,"event",NA,4797,4702,"TEMP988"
"5722",82278,"bounds",NA,4832,4667,"TEMP987"
"5722",82280,"event",NA,4417,0,"TEMP988"
"5722",82280,"bounds",NA,4462,0,"TEMP987"
"5722",82281,"event",NA,4417,0,"TEMP988"
"5722",82281,"bounds",NA,4462,0,"TEMP987"
"5747",82313,"event",NA,38027,31892,"TEMP1012"
"5747",82313,"bounds",NA,38667,31587,"TEMP1011"
"5756",82336,"event",NA,1527,0,"TEMP1014"
"5756",82336,"bounds",NA,1277,0,"TEMP1013"
"5756",82337,"event",NA,1527,0,"TEMP1014"
"5756",82337,"bounds",NA,1277,0,"TEMP1013"
"5756",82338,"event",NA,3982,1767,"TEMP1014"
"5756",82338,"bounds",NA,3367,2017,"TEMP1013"
"5756",82340,"event",NA,9000,4577,"TEMP1014"
"5756",82340,"bounds",NA,9000,5197,"TEMP1013"
"5756",82341,"event",NA,9000,4577,"TEMP1014"
"5756",82341,"bounds",NA,9000,5197,"TEMP1013"
"5756",82342,"event",NA,9000,4577,"TEMP1014"
"5756",82342,"bounds",NA,9000,5197,"TEMP1013"
"5756",91851,"event",NA,9000,4577,"TEMP1014"
"5756",91851,"bounds",NA,9000,5197,"TEMP1013"
"5757",82343,"event",NA,8327,7122,"TEMP1016"
"5757",82343,"bounds",NA,7922,7432,"TEMP1015"
"5757",82344,"event",NA,8327,7122,"TEMP1016"
"5757",82344,"bounds",NA,7922,7432,"TEMP1015"
"5757",91853,"event",NA,8327,7122,"TEMP1016"
"5757",91853,"bounds",NA,7922,7432,"TEMP1015"
"5768",82365,"event",NA,1457,1367,"TEMP1024"
"5768",82365,"bounds",NA,1452,1377,"TEMP1023"
"5768",82368,"event",NA,1457,1367,"TEMP1024"
"5768",82368,"bounds",NA,1452,1377,"TEMP1023"
"5768",82369,"event",NA,6000,1562,"TEMP1024"
"5768",82369,"bounds",NA,6000,1552,"TEMP1023"
"5786",82400,"event",NA,442,0,"TEMP1050"
"5786",82400,"bounds",NA,247,0,"TEMP1049"
"5786",82401,"event",NA,442,0,"TEMP1050"
"5786",82401,"bounds",NA,247,0,"TEMP1049"
"5795",82418,"event",NA,312,0,"TEMP1056"
"5795",82418,"bounds",NA,287,0,"TEMP1055"
"5814",82449,"event",11892,12247,11522,"TEMP1062"
"5814",82449,"bounds",NA,12862,10872,"TEMP1061"
"5814",82450,"event",NA,12592,2092,"TEMP1062"
"5814",82450,"bounds",NA,12862,237,"TEMP1061"
"5814",82455,"event",NA,10587,4742,"TEMP1062"
"5814",82455,"bounds",NA,13557,4092,"TEMP1061"
"5814",82456,"event",NA,10587,4742,"TEMP1062"
"5814",82456,"bounds",NA,13557,4092,"TEMP1061"
"5828",82477,"event",NA,3947,307,"TEMP1068"
"5828",82477,"bounds",NA,4587,277,"TEMP1067"
"5828",82482,"event",NA,3147,2552,"TEMP1068"
"5828",82482,"bounds",NA,4587,1562,"TEMP1067"
"5828",82484,"event",NA,767,307,"TEMP1068"
"5828",82484,"bounds",NA,542,277,"TEMP1067"
"5828",82485,"event",NA,767,307,"TEMP1068"
"5828",82485,"bounds",NA,542,277,"TEMP1067"
"5828",82487,"event",NA,3947,987,"TEMP1068"
"5828",82487,"bounds",NA,4587,1212,"TEMP1067"
"5829",82488,"event",NA,1937,672,"TEMP1070"
"5829",82488,"bounds",NA,2542,657,"TEMP1069"
"5829",82492,"event",NA,1177,1022,"TEMP1070"
"5829",82492,"bounds",NA,1347,747,"TEMP1069"
"5829",82493,"event",NA,1177,852,"TEMP1070"
"5829",82493,"bounds",NA,1102,747,"TEMP1069"
"5829",82495,"event",NA,1277,1042,"TEMP1070"
"5829",82495,"bounds",NA,1347,962,"TEMP1069"
"5829",82497,"event",NA,1312,1042,"TEMP1070"
"5829",82497,"bounds",NA,1602,962,"TEMP1069"
"5829",82499,"event",NA,1937,1337,"TEMP1070"
"5829",82499,"bounds",NA,2542,1277,"TEMP1069"
"5829",82500,"event",NA,1937,962,"TEMP1070"
"5829",82500,"bounds",NA,2542,672,"TEMP1069"
"5939",82653,"event",NA,11700,6962,"TEMP1132"
"5939",82653,"bounds",NA,11700,8307,"TEMP1131"
"5939",82654,"event",NA,11700,6962,"TEMP1132"
"5939",82654,"bounds",NA,11700,8307,"TEMP1131"
"5939",82657,"event",NA,1562,1407,"TEMP1132"
"5939",82657,"bounds",NA,3827,-75,"TEMP1131"
"5964",82701,"event",NA,2662,317,"TEMP1154"
"5964",82701,"bounds",NA,3462,62,"TEMP1153"
"5965",82702,"event",NA,877,262,"TEMP1156"
"5965",82702,"bounds",NA,1222,22,"TEMP1155"
"5983",82722,"event",NA,6000,2182,"TEMP1162"
"5983",82722,"bounds",NA,6000,2702,"TEMP1161"
"5984",82723,"event",NA,1072,0,"TEMP1164"
"5984",82723,"bounds",NA,822,0,"TEMP1163"
"5984",82726,"event",NA,6000,1687,"TEMP1164"
"5984",82726,"bounds",NA,6000,2072,"TEMP1163"
"5995",82742,"event",NA,6792,3377,"TEMP1174"
"5995",82742,"bounds",NA,6677,3457,"TEMP1173"
"5995",82744,"event",NA,8732,6927,"TEMP1174"
"5995",82744,"bounds",NA,8522,7047,"TEMP1173"
"5995",82748,"event",NA,14800,12462,"TEMP1174"
"5995",82748,"bounds",NA,14800,12847,"TEMP1173"
"6007",82764,"event",NA,547,0,"TEMP1194"
"6007",82764,"bounds",NA,457,0,"TEMP1193"
"6007",82769,"event",NA,6000,4442,"TEMP1194"
"6007",82769,"bounds",NA,6000,4587,"TEMP1193"
"6010",82779,"event",NA,3072,0,"TEMP1200"
"6010",82779,"bounds",NA,3127,0,"TEMP1199"
"6010",82780,"event",NA,6000,3967,"TEMP1200"
"6010",82780,"bounds",NA,6000,3967,"TEMP1199"
"6010",82782,"event",NA,6000,3967,"TEMP1200"
"6010",82782,"bounds",NA,6000,3967,"TEMP1199"
"6011",82785,"event",NA,6000,1337,"TEMP1202"
"6011",82785,"bounds",NA,6000,1677,"TEMP1201"
"6011",82786,"event",NA,6000,1337,"TEMP1202"
"6011",82786,"bounds",NA,6000,1677,"TEMP1201"
"6017",82809,"event",NA,767,0,"TEMP1210"
"6017",82809,"bounds",NA,687,0,"TEMP1209"
"6017",82810,"bounds",NA,687,0,"TEMP1209"
"6018",82812,"event",NA,762,422,"TEMP1212"
"6018",82812,"bounds",NA,742,452,"TEMP1211"
"6018",82813,"bounds",NA,742,452,"TEMP1211"
"6020",82819,"event",NA,2497,0,"TEMP1216"
"6020",82819,"bounds",NA,2412,0,"TEMP1215"
"6020",82820,"event",NA,2707,2497,"TEMP1216"
"6020",82820,"bounds",NA,2807,2412,"TEMP1215"
"6020",82821,"event",NA,2497,0,"TEMP1216"
"6020",82821,"bounds",NA,2412,0,"TEMP1215"
"6020",82822,"event",NA,2497,0,"TEMP1216"
"6020",82822,"bounds",NA,2412,0,"TEMP1215"
"6020",82823,"event",NA,2497,0,"TEMP1216"
"6020",82823,"bounds",NA,2412,0,"TEMP1215"
"6021",82827,"event",NA,752,437,"TEMP1218"
"6021",82827,"bounds",NA,817,477,"TEMP1217"
"6021",82829,"event",NA,6000,1472,"TEMP1218"
"6021",82829,"bounds",NA,6000,1262,"TEMP1217"
"6022",82830,"event",NA,6000,1197,"TEMP1220"
"6022",82830,"bounds",NA,6000,1377,"TEMP1219"
"6022",82833,"event",NA,967,0,"TEMP1220"
"6022",82833,"bounds",NA,832,0,"TEMP1219"
"6023",82837,"event",NA,6000,3337,"TEMP1222"
"6023",82837,"bounds",NA,6000,3582,"TEMP1221"
"6034",82852,"event",NA,11700,7637,"TEMP1226"
"6034",82852,"bounds",NA,11700,7657,"TEMP1225"
"6034",82853,"event",NA,5967,0,"TEMP1226"
"6034",82853,"bounds",NA,5892,0,"TEMP1225"
"6034",82855,"event",NA,5967,0,"TEMP1226"
"6034",82855,"bounds",NA,5892,0,"TEMP1225"
"6034",82857,"event",NA,5967,0,"TEMP1226"
"6034",82857,"bounds",NA,5892,0,"TEMP1225"
"6035",82858,"event",NA,562,0,"TEMP1228"
"6035",82858,"bounds",NA,437,0,"TEMP1227"
"6035",82859,"event",NA,6000,877,"TEMP1228"
"6035",82859,"bounds",NA,6000,962,"TEMP1227"
"6035",82860,"event",NA,562,0,"TEMP1228"
"6035",82860,"bounds",NA,437,0,"TEMP1227"
"6035",82863,"event",NA,6000,877,"TEMP1228"
"6035",82863,"bounds",NA,6000,962,"TEMP1227"
"6138",82980,"event",NA,15657,13002,"TEMP1254"
"6138",82980,"bounds",NA,18547,11732,"TEMP1253"
"6149",82998,"event",NA,14707,3597,"TEMP1262"
"6149",82998,"bounds",NA,15827,3262,"TEMP1261"
"6149",82999,"event",NA,3597,1,"TEMP1262"
"6149",82999,"bounds",NA,3262,1,"TEMP1261"
"6149",83000,"event",NA,3597,1,"TEMP1262"
"6149",83000,"bounds",NA,3262,1,"TEMP1261"
"6149",83001,"event",NA,3597,1,"TEMP1262"
"6149",83001,"bounds",NA,3262,1,"TEMP1261"
"6149",83002,"event",NA,3597,1,"TEMP1262"
"6149",83002,"bounds",NA,3262,1,"TEMP1261"
"6149",83003,"event",4132,4687,3597,"TEMP1262"
"6149",83003,"bounds",NA,5072,3262,"TEMP1261"
"6149",83004,"event",4132,4687,3597,"TEMP1262"
"6149",83004,"bounds",NA,5072,3262,"TEMP1261"
"6149",83005,"event",NA,8122,4687,"TEMP1262"
"6149",83005,"bounds",NA,7977,5072,"TEMP1261"
"6149",83006,"event",NA,8122,4687,"TEMP1262"
"6149",83006,"bounds",NA,7977,5072,"TEMP1261"
"6149",83007,"event",NA,8122,4687,"TEMP1262"
"6149",83007,"bounds",NA,7977,5072,"TEMP1261"
"6149",83008,"event",NA,8122,4687,"TEMP1262"
"6149",83008,"bounds",NA,7977,5072,"TEMP1261"
"6149",83009,"event",NA,8122,4687,"TEMP1262"
"6149",83009,"bounds",NA,7977,5072,"TEMP1261"
"6149",83010,"event",NA,8122,4687,"TEMP1262"
"6149",83010,"bounds",NA,7977,5072,"TEMP1261"
"6149",83011,"event",NA,9657,4687,"TEMP1262"
"6149",83011,"bounds",NA,9792,5072,"TEMP1261"
"6149",83012,"event",NA,8122,4687,"TEMP1262"
"6149",83012,"bounds",NA,7977,5072,"TEMP1261"
"6149",83013,"event",NA,8122,4687,"TEMP1262"
"6149",83013,"bounds",NA,7977,5072,"TEMP1261"
"6149",83014,"event",NA,8122,4687,"TEMP1262"
"6149",83014,"bounds",NA,7977,5072,"TEMP1261"
"6149",83015,"event",NA,8122,4687,"TEMP1262"
"6149",83015,"bounds",NA,7977,5072,"TEMP1261"
"6149",83016,"event",NA,8122,4687,"TEMP1262"
"6149",83016,"bounds",NA,7977,5072,"TEMP1261"
"6149",83017,"event",9417,9657,9232,"TEMP1262"
"6149",83017,"bounds",NA,9792,9062,"TEMP1261"
"6149",83018,"event",9417,9657,9232,"TEMP1262"
"6149",83018,"bounds",NA,9792,9062,"TEMP1261"
"6149",83019,"event",9417,9657,9232,"TEMP1262"
"6149",83019,"bounds",NA,9792,9062,"TEMP1261"
"6149",83020,"event",9417,9657,9232,"TEMP1262"
"6149",83020,"bounds",NA,9792,9062,"TEMP1261"
"6149",83021,"event",9417,9657,9232,"TEMP1262"
"6149",83021,"bounds",NA,9792,9062,"TEMP1261"
"6149",83022,"event",9417,9657,9232,"TEMP1262"
"6149",83022,"bounds",NA,9792,9062,"TEMP1261"
"6149",83023,"event",9417,9657,9232,"TEMP1262"
"6149",83023,"bounds",NA,9792,9062,"TEMP1261"
"6149",83024,"event",9417,9657,9232,"TEMP1262"
"6149",83024,"bounds",NA,9792,9062,"TEMP1261"
"6149",83025,"event",9417,9657,9232,"TEMP1262"
"6149",83025,"bounds",NA,9792,9062,"TEMP1261"
"6150",83027,"event",NA,8187,4002,"TEMP1264"
"6150",83027,"bounds",NA,8362,3697,"TEMP1263"
"6150",83028,"event",NA,7902,4537,"TEMP1264"
"6150",83028,"bounds",NA,7727,4942,"TEMP1263"
"6150",83029,"event",NA,7902,4537,"TEMP1264"
"6150",83029,"bounds",NA,7727,4942,"TEMP1263"
"6150",83030,"event",NA,11700,7902,"TEMP1264"
"6150",83030,"bounds",NA,11700,7727,"TEMP1263"
"6150",83031,"event",NA,4002,0,"TEMP1264"
"6150",83031,"bounds",NA,3697,0,"TEMP1263"
"6150",83032,"event",NA,4537,4002,"TEMP1264"
"6150",83032,"bounds",NA,4942,3697,"TEMP1263"
"6150",83033,"event",NA,7902,4537,"TEMP1264"
"6150",83033,"bounds",NA,7727,4942,"TEMP1263"
"6170",83056,"event",NA,11700,8147,"TEMP1274"
"6170",83056,"bounds",NA,11700,8137,"TEMP1273"
"6191",83085,"event",NA,702,1,"TEMP1284"
"6191",83085,"bounds",NA,512,1,"TEMP1283"
"6191",83086,"event",NA,2212,957,"TEMP1284"
"6191",83086,"bounds",NA,2102,1177,"TEMP1283"
"6191",83088,"event",NA,3312,2472,"TEMP1284"
"6191",83088,"bounds",NA,2992,2597,"TEMP1283"
"6191",83089,"event",NA,3312,2472,"TEMP1284"
"6191",83089,"bounds",NA,2992,2597,"TEMP1283"
"6191",83090,"event",NA,3312,2472,"TEMP1284"
"6191",83090,"bounds",NA,2992,2597,"TEMP1283"
"6191",83092,"event",NA,7407,3667,"TEMP1284"
"6191",83092,"bounds",NA,6847,3957,"TEMP1283"
"6191",83093,"event",NA,7407,3667,"TEMP1284"
"6191",83093,"bounds",NA,6847,3957,"TEMP1283"
"6191",83094,"event",NA,7407,3667,"TEMP1284"
"6191",83094,"bounds",NA,6847,3957,"TEMP1283"
"6191",83095,"event",NA,702,1,"TEMP1284"
"6191",83095,"bounds",NA,512,1,"TEMP1283"
"6191",83096,"event",NA,7407,3667,"TEMP1284"
"6191",83096,"bounds",NA,6847,3957,"TEMP1283"
"6191",83097,"event",NA,7407,3667,"TEMP1284"
"6191",83097,"bounds",NA,6847,3957,"TEMP1283"
"6191",83098,"event",NA,7407,3667,"TEMP1284"
"6191",83098,"bounds",NA,6847,3957,"TEMP1283"
"6191",83099,"event",NA,7407,3667,"TEMP1284"
"6191",83099,"bounds",NA,6847,3957,"TEMP1283"
"6191",83100,"event",NA,7407,3667,"TEMP1284"
"6191",83100,"bounds",NA,6847,3957,"TEMP1283"
"6191",83101,"event",NA,702,1,"TEMP1284"
"6191",83101,"bounds",NA,512,1,"TEMP1283"
"6191",83104,"event",NA,702,1,"TEMP1284"
"6191",83104,"bounds",NA,512,1,"TEMP1283"
"6191",83106,"event",NA,2212,957,"TEMP1284"
"6191",83106,"bounds",NA,2102,1177,"TEMP1283"
"6191",83107,"event",NA,2212,957,"TEMP1284"
"6191",83107,"bounds",NA,2102,1177,"TEMP1283"
"6191",83108,"event",NA,2212,957,"TEMP1284"
"6191",83108,"bounds",NA,2102,1177,"TEMP1283"
"6191",83109,"event",NA,2212,957,"TEMP1284"
"6191",83109,"bounds",NA,2102,1177,"TEMP1283"
"6192",83110,"event",NA,347,0,"TEMP1286"
"6192",83110,"bounds",NA,262,0,"TEMP1285"
"6192",83111,"event",NA,347,0,"TEMP1286"
"6192",83111,"bounds",NA,262,0,"TEMP1285"
"6192",83112,"event",NA,347,0,"TEMP1286"
"6192",83112,"bounds",NA,262,0,"TEMP1285"
"6192",83113,"event",NA,347,0,"TEMP1286"
"6192",83113,"bounds",NA,262,0,"TEMP1285"
"6192",83115,"event",NA,347,0,"TEMP1286"
"6192",83115,"bounds",NA,262,0,"TEMP1285"
"6192",83116,"event",NA,1397,502,"TEMP1286"
"6192",83116,"bounds",NA,1242,607,"TEMP1285"
"6192",83117,"event",NA,1607,1397,"TEMP1286"
"6192",83117,"bounds",NA,1762,1242,"TEMP1285"
"6192",83118,"event",NA,2912,1607,"TEMP1286"
"6192",83118,"bounds",NA,2757,1762,"TEMP1285"
"6192",83119,"event",NA,3182,1607,"TEMP1286"
"6192",83119,"bounds",NA,3337,1762,"TEMP1285"
"6192",83121,"event",NA,5642,4487,"TEMP1286"
"6192",83121,"bounds",NA,5047,4562,"TEMP1285"
"6192",83123,"event",NA,347,0,"TEMP1286"
"6192",83123,"bounds",NA,262,0,"TEMP1285"
"6192",83124,"event",NA,11700,6302,"TEMP1286"
"6192",83124,"bounds",NA,11700,6847,"TEMP1285"
"6192",83125,"event",NA,35000,11700,"TEMP1286"
"6192",83125,"bounds",NA,35000,11700,"TEMP1285"
"6192",83126,"event",NA,347,0,"TEMP1286"
"6192",83126,"bounds",NA,262,0,"TEMP1285"
"6192",83127,"event",NA,347,0,"TEMP1286"
"6192",83127,"bounds",NA,262,0,"TEMP1285"
"6192",83128,"event",NA,347,0,"TEMP1286"
"6192",83128,"bounds",NA,262,0,"TEMP1285"
"6192",83129,"event",5972,6302,5642,"TEMP1286"
"6192",83129,"bounds",NA,6847,5047,"TEMP1285"
"6192",83130,"event",NA,11700,6302,"TEMP1286"
"6192",83130,"bounds",NA,11700,6847,"TEMP1285"
"6197",83142,"event",NA,5297,0,"TEMP1294"
"6197",83142,"bounds",NA,5087,0,"TEMP1293"
"6197",83143,"event",NA,5297,0,"TEMP1294"
"6197",83143,"bounds",NA,5087,0,"TEMP1293"
"6197",83144,"event",NA,5297,0,"TEMP1294"
"6197",83144,"bounds",NA,5087,0,"TEMP1293"
"6197",83146,"event",NA,7922,5602,"TEMP1294"
"6197",83146,"bounds",NA,7667,5867,"TEMP1293"
"6198",83149,"event",NA,1307,0,"TEMP1296"
"6198",83149,"bounds",NA,1157,0,"TEMP1295"
"6198",83150,"event",NA,1307,0,"TEMP1296"
"6198",83150,"bounds",NA,1157,0,"TEMP1295"
"6198",83151,"event",NA,1307,0,"TEMP1296"
"6198",83151,"bounds",NA,1157,0,"TEMP1295"
"6198",83152,"event",NA,1307,0,"TEMP1296"
"6198",83152,"bounds",NA,1157,0,"TEMP1295"
"6198",83153,"event",NA,1307,0,"TEMP1296"
"6198",83153,"bounds",NA,1157,0,"TEMP1295"
"6213",83176,"event",NA,747,100,"TEMP1304"
"6213",83176,"bounds",NA,472,100,"TEMP1303"
"6213",83177,"event",NA,747,1,"TEMP1304"
"6213",83177,"bounds",NA,472,1,"TEMP1303"
"6223",83188,"event",NA,697,1,"TEMP1314"
"6223",83188,"bounds",NA,462,1,"TEMP1313"
"6223",83190,"event",NA,1400,927,"TEMP1314"
"6223",83190,"bounds",NA,1400,1167,"TEMP1313"
"6245",83227,"event",NA,3632,1,"TEMP1322"
"6245",83227,"bounds",NA,3067,1,"TEMP1321"
"6289",83282,"event",NA,20000,11492,"TEMP1336"
"6289",83282,"bounds",NA,20000,12147,"TEMP1335"
"6298",83294,"event",NA,20000,10922,"TEMP1338"
"6298",83294,"bounds",NA,20000,11452,"TEMP1337"
"6352",95938,"event",25417,26087,24727,"TEMP1352"
"6352",95938,"bounds",NA,27552,23272,"TEMP1351"
"6357",83353,"event",NA,4512,0,"TEMP1354"
"6357",83353,"bounds",NA,4467,0,"TEMP1353"
"6357",83354,"event",NA,4512,0,"TEMP1354"
"6357",83354,"bounds",NA,4467,0,"TEMP1353"
"6357",83356,"event",NA,5582,4692,"TEMP1354"
"6357",83356,"bounds",NA,4982,4757,"TEMP1353"
"6357",83357,"event",NA,5582,4692,"TEMP1354"
"6357",83357,"bounds",NA,4982,4757,"TEMP1353"
"6397",83409,"event",NA,4937,1017,"TEMP1382"
"6397",83409,"bounds",NA,4547,1427,"TEMP1381"
"6397",83410,"event",NA,4937,1017,"TEMP1382"
"6397",83410,"bounds",NA,4547,1427,"TEMP1381"
"6397",83411,"event",NA,4937,1017,"TEMP1382"
"6397",83411,"bounds",NA,4547,1427,"TEMP1381"
"6397",83412,"event",NA,4937,1017,"TEMP1382"
"6397",83412,"bounds",NA,4547,1427,"TEMP1381"
"6397",83413,"event",NA,4937,1017,"TEMP1382"
"6397",83413,"bounds",NA,4547,1427,"TEMP1381"
"6397",83414,"event",NA,4937,1017,"TEMP1382"
"6397",83414,"bounds",NA,4547,1427,"TEMP1381"
"6397",83415,"event",NA,4937,1017,"TEMP1382"
"6397",83415,"bounds",NA,4547,1427,"TEMP1381"
"6397",83416,"event",NA,4937,1017,"TEMP1382"
"6397",83416,"bounds",NA,4547,1427,"TEMP1381"
"6426",83459,"event",NA,7607,927,"TEMP1400"
"6426",83459,"bounds",NA,8942,702,"TEMP1399"
"6426",83460,"bounds",NA,8942,702,"TEMP1399"
"6679",83731,"event",NA,11700,3392,"TEMP1472"
"6679",83731,"bounds",NA,11700,3447,"TEMP1471"
"6679",83734,"event",NA,877,632,"TEMP1472"
"6679",83734,"bounds",NA,2382,502,"TEMP1471"
"6816",83884,"event",NA,8387,1250,"TEMP1512"
"6816",83884,"bounds",NA,8342,1250,"TEMP1511"
"6880",83955,"bounds",NA,500,0,"TEMP1547"
"6880",83955,"bounds",NA,150,0,"TEMP1547"
"6880",526943,"event",NA,1450,950,"TEMP1548"
"6880",526943,"bounds",NA,1450,950,"TEMP1547"
"6880",526944,"event",NA,1450,950,"TEMP1548"
"6880",526944,"bounds",NA,1450,950,"TEMP1547"
"6889",83965,"event",NA,16167,10572,"TEMP1554"
"6889",83965,"bounds",NA,14607,10077,"TEMP1553"
"6889",83966,"event",NA,10572,10000,"TEMP1554"
"6889",83966,"bounds",NA,10077,10000,"TEMP1553"
"6917",84001,"event",NA,14947,1,"TEMP1568"
"6917",84001,"bounds",NA,13517,1,"TEMP1567"
"6918",355680,"event",15672,16862,14542,"TEMP1570"
"6918",355680,"bounds",NA,19217,12242,"TEMP1569"
"6943",84028,"event",2402,3312,1497,"TEMP1604"
"6943",84028,"bounds",NA,4782,62,"TEMP1603"
"6943",84029,"event",2402,3312,1497,"TEMP1604"
"6943",84029,"bounds",NA,4782,62,"TEMP1603"
"6943",84030,"event",2402,3312,1497,"TEMP1604"
"6943",84030,"bounds",NA,4782,62,"TEMP1603"
"6965",84137,"event",NA,80000,40622,"TEMP1620"
"6965",84137,"bounds",NA,80000,51322,"TEMP1619"
"6965",84138,"event",NA,80000,40622,"TEMP1620"
"6965",84138,"bounds",NA,80000,51322,"TEMP1619"
"6965",84139,"event",NA,80000,40622,"TEMP1620"
"6965",84139,"bounds",NA,80000,51322,"TEMP1619"
"6965",84141,"event",NA,80000,40622,"TEMP1620"
"6965",84141,"bounds",NA,80000,51322,"TEMP1619"
"6965",84142,"event",NA,80000,40622,"TEMP1620"
"6965",84142,"bounds",NA,80000,51322,"TEMP1619"
"7024",84213,"event",NA,7567,2692,"TEMP1648"
"7024",84213,"bounds",NA,8072,1147,"TEMP1647"
"7024",84215,"event",NA,2692,1,"TEMP1648"
"7024",84215,"bounds",NA,1147,1,"TEMP1647"
"7097",84300,"event",NA,9217,2372,"TEMP1672"
"7097",84300,"bounds",NA,6692,3122,"TEMP1671"
"7238",84447,"event",NA,35952,25432,"TEMP1692"
"7238",84447,"bounds",NA,44737,16632,"TEMP1691"
"7282",84505,"event",NA,3000,892,"TEMP1698"
"7282",84505,"bounds",NA,3000,1142,"TEMP1697"
"7282",84506,"event",NA,10000,3000,"TEMP1698"
"7282",84506,"bounds",NA,10000,3000,"TEMP1697"
"7285",84510,"event",NA,6000,3207,"TEMP1700"
"7285",84510,"bounds",NA,6000,3992,"TEMP1699"
"7290",84516,"event",NA,7217,197,"TEMP1702"
"7290",84516,"bounds",NA,9122,-13,"TEMP1701"
"7291",84521,"event",NA,1167,0,"TEMP1704"
"7291",84521,"bounds",NA,987,0,"TEMP1703"
"7291",84522,"event",NA,6227,4792,"TEMP1704"
"7291",84522,"bounds",NA,6197,5112,"TEMP1703"
"7291",84523,"event",NA,6227,4792,"TEMP1704"
"7291",84523,"bounds",NA,6197,5112,"TEMP1703"
"7291",84524,"event",NA,6227,4792,"TEMP1704"
"7291",84524,"bounds",NA,6197,5112,"TEMP1703"
"7291",84525,"event",NA,6227,4792,"TEMP1704"
"7291",84525,"bounds",NA,6197,5112,"TEMP1703"
"7291",84526,"event",NA,6227,4792,"TEMP1704"
"7291",84526,"bounds",NA,6197,5112,"TEMP1703"
"7291",84527,"event",NA,6227,4792,"TEMP1704"
"7291",84527,"bounds",NA,6197,5112,"TEMP1703"
"7291",84528,"event",NA,6227,4792,"TEMP1704"
"7291",84528,"bounds",NA,6197,5112,"TEMP1703"
"7291",84529,"event",NA,6227,4792,"TEMP1704"
"7291",84529,"bounds",NA,6197,5112,"TEMP1703"
"7291",84530,"event",NA,6227,4792,"TEMP1704"
"7291",84530,"bounds",NA,6197,5112,"TEMP1703"
"7291",84531,"event",NA,6227,4792,"TEMP1704"
"7291",84531,"bounds",NA,6197,5112,"TEMP1703"
"7291",84532,"event",NA,1167,0,"TEMP1704"
"7291",84532,"bounds",NA,987,0,"TEMP1703"
"7291",84533,"event",NA,6227,4792,"TEMP1704"
"7291",84533,"bounds",NA,6197,5112,"TEMP1703"
"7291",84534,"event",NA,6227,4792,"TEMP1704"
"7291",84534,"bounds",NA,6197,5112,"TEMP1703"
"7291",84536,"event",NA,6552,6387,"TEMP1704"
"7291",84536,"bounds",NA,6527,6437,"TEMP1703"
"7291",84537,"event",NA,6552,6387,"TEMP1704"
"7291",84537,"bounds",NA,6527,6437,"TEMP1703"
"7291",84539,"event",NA,7262,6682,"TEMP1704"
"7291",84539,"bounds",NA,7167,6707,"TEMP1703"
"7291",84540,"event",NA,7262,6682,"TEMP1704"
"7291",84540,"bounds",NA,7167,6707,"TEMP1703"
"7291",84542,"event",NA,1167,0,"TEMP1704"
"7291",84542,"bounds",NA,987,0,"TEMP1703"
"7291",84543,"event",NA,1167,0,"TEMP1704"
"7291",84543,"bounds",NA,987,0,"TEMP1703"
"7291",84544,"event",NA,1167,0,"TEMP1704"
"7291",84544,"bounds",NA,987,0,"TEMP1703"
"7291",84545,"event",NA,1167,0,"TEMP1704"
"7291",84545,"bounds",NA,987,0,"TEMP1703"
"7291",84547,"event",NA,4357,1492,"TEMP1704"
"7291",84547,"bounds",NA,4037,1712,"TEMP1703"
"7316",84575,"event",NA,12900,11852,"TEMP1706"
"7316",84575,"bounds",NA,12900,11987,"TEMP1705"
"7316",84582,"event",NA,11307,8942,"TEMP1706"
"7316",84582,"bounds",NA,11172,8882,"TEMP1705"
"7316",84583,"event",NA,11307,8942,"TEMP1706"
"7316",84583,"bounds",NA,11172,8882,"TEMP1705"
"7332",84611,"event",NA,10067,550,"TEMP1716"
"7332",84611,"bounds",NA,9242,550,"TEMP1715"
"7337",84619,"event",NA,1307,822,"TEMP1722"
"7337",84619,"bounds",NA,1332,1047,"TEMP1721"
"7454",84744,"event",NA,1077,1007,"TEMP1744"
"7454",84744,"bounds",NA,1092,992,"TEMP1743"
"7468",84759,"event",NA,1387,1000,"TEMP1754"
"7468",84759,"bounds",NA,1337,1000,"TEMP1753"
"7468",84760,"event",NA,1387,1000,"TEMP1754"
"7468",84760,"bounds",NA,1337,1000,"TEMP1753"
"7468",84762,"event",NA,1650,1467,"TEMP1754"
"7468",84762,"bounds",NA,1650,1517,"TEMP1753"
"7491",84789,"event",1797,1827,1762,"TEMP1766"
"7491",84789,"bounds",NA,1877,1722,"TEMP1765"
"7491",84791,"event",NA,6077,4562,"TEMP1766"
"7491",84791,"bounds",NA,5662,4717,"TEMP1765"
"7510",84820,"event",NA,2647,1692,"TEMP1780"
"7510",84820,"bounds",NA,2737,1312,"TEMP1779"
"7510",84823,"event",NA,1692,967,"TEMP1780"
"7510",84823,"bounds",NA,1312,752,"TEMP1779"
"7510",84825,"event",NA,967,410,"TEMP1780"
"7510",84825,"bounds",NA,752,410,"TEMP1779"
"7540",84857,"event",NA,6812,6542,"TEMP1792"
"7540",84857,"bounds",NA,7847,6847,"TEMP1791"
"7540",84858,"event",NA,8937,8672,"TEMP1792"
"7540",84858,"bounds",NA,8837,8727,"TEMP1791"
"7540",84859,"event",NA,8937,8672,"TEMP1792"
"7540",84859,"bounds",NA,8837,8727,"TEMP1791"
"7540",84861,"event",NA,9142,8932,"TEMP1792"
"7540",84861,"bounds",NA,9337,8462,"TEMP1791"
"7540",84866,"event",NA,11700,9287,"TEMP1792"
"7540",84866,"bounds",NA,11700,8737,"TEMP1791"
"7540",84867,"event",NA,11700,9287,"TEMP1792"
"7540",84867,"bounds",NA,11700,8737,"TEMP1791"
"7540",84874,"event",NA,4727,4457,"TEMP1792"
"7540",84874,"bounds",NA,4277,4122,"TEMP1791"
"7540",84876,"event",NA,5497,5167,"TEMP1792"
"7540",84876,"bounds",NA,5457,4277,"TEMP1791"
"7540",84880,"event",NA,6542,6267,"TEMP1792"
"7540",84880,"bounds",NA,6847,5962,"TEMP1791"
"7562",84904,"event",NA,6000,762,"TEMP1798"
"7562",84904,"bounds",NA,6000,987,"TEMP1797"
"7562",84907,"event",NA,6000,762,"TEMP1798"
"7562",84907,"bounds",NA,6000,987,"TEMP1797"
"7650",84998,"event",NA,3957,2542,"TEMP1844"
"7650",84998,"bounds",NA,3872,3442,"TEMP1843"
"7650",85001,"event",NA,5812,5452,"TEMP1844"
"7650",85001,"bounds",NA,5807,5722,"TEMP1843"
"7650",85002,"event",NA,5812,5452,"TEMP1844"
"7650",85002,"bounds",NA,5807,5722,"TEMP1843"
"7650",85005,"event",NA,6127,6067,"TEMP1844"
"7650",85005,"bounds",NA,6137,6072,"TEMP1843"
"7650",85007,"event",NA,6327,6127,"TEMP1844"
"7650",85007,"bounds",NA,6312,6137,"TEMP1843"
"10924",98150,"event",NA,2854,0,"TEMP1862"
"10924",98150,"bounds",NA,2654,0,"TEMP1861"
"10924",98151,"event",NA,2854,0,"TEMP1862"
"10924",98151,"bounds",NA,2654,0,"TEMP1861"
"10924",98152,"event",NA,2854,0,"TEMP1862"
"10924",98152,"bounds",NA,2654,0,"TEMP1861"
"10924",98154,"event",NA,7484,2854,"TEMP1862"
"10924",98154,"bounds",NA,7484,3244,"TEMP1861"
"10924",98156,"event",NA,9374,8004,"TEMP1862"
"10924",98156,"bounds",NA,9374,8004,"TEMP1861"
"10924",98158,"event",NA,13074,9944,"TEMP1862"
"10924",98158,"bounds",NA,12724,10234,"TEMP1861"
"10924",98161,"event",NA,18094,13394,"TEMP1862"
"10924",98161,"bounds",NA,16464,13744,"TEMP1861"
"10924",98163,"event",NA,26000,19574,"TEMP1862"
"10924",98163,"bounds",NA,26000,21204,"TEMP1861"
"10924",98164,"event",NA,26000,19574,"TEMP1862"
"10924",98164,"bounds",NA,26000,21204,"TEMP1861"
"11515",111226,"event",12767,12857,12692,"TEMP1872"
"11515",111226,"bounds",NA,13052,12492,"TEMP1871"
"11515",111227,"event",12767,12857,12692,"TEMP1872"
"11515",111227,"bounds",NA,13052,12492,"TEMP1871"
"11515",111228,"event",12767,12857,12692,"TEMP1872"
"11515",111228,"bounds",NA,13052,12492,"TEMP1871"
"11515",111229,"event",12767,12857,12692,"TEMP1872"
"11515",111229,"bounds",NA,13052,12492,"TEMP1871"
"11515",111230,"event",12767,12857,12692,"TEMP1872"
"11515",111230,"bounds",NA,13052,12492,"TEMP1871"
"11515",111231,"event",12767,12857,12692,"TEMP1872"
"11515",111231,"bounds",NA,13052,12492,"TEMP1871"
"11515",111232,"event",12767,12857,12692,"TEMP1872"
"11515",111232,"bounds",NA,13052,12492,"TEMP1871"
"11515",111233,"event",12767,12857,12692,"TEMP1872"
"11515",111233,"bounds",NA,13052,12492,"TEMP1871"
"11515",111234,"event",12767,12857,12692,"TEMP1872"
"11515",111234,"bounds",NA,13052,12492,"TEMP1871"
"11515",111235,"event",12767,12857,12692,"TEMP1872"
"11515",111235,"bounds",NA,13052,12492,"TEMP1871"
"11515",111236,"event",12767,12857,12692,"TEMP1872"
"11515",111236,"bounds",NA,13052,12492,"TEMP1871"
"11555",112268,"event",NA,5417,0,"TEMP1876"
"11555",112268,"bounds",NA,4037,0,"TEMP1875"
"11555",112272,"event",10957,11172,10762,"TEMP1876"
"11555",112272,"bounds",NA,11552,10452,"TEMP1875"
"11555",112277,"event",NA,16557,5417,"TEMP1876"
"11555",112277,"bounds",NA,23022,4037,"TEMP1875"
"13353",132670,"event",NA,2157,0,"TEMP1888"
"13353",132670,"bounds",NA,1997,0,"TEMP1887"
"13353",132672,"event",NA,3982,2357,"TEMP1888"
"13353",132672,"bounds",NA,3587,2547,"TEMP1887"
"13353",132673,"event",NA,3982,2357,"TEMP1888"
"13353",132673,"bounds",NA,3587,2547,"TEMP1887"
"13353",132674,"event",NA,3982,2357,"TEMP1888"
"13353",132674,"bounds",NA,3587,2547,"TEMP1887"
"13353",132676,"event",NA,10327,4582,"TEMP1888"
"13353",132676,"bounds",NA,9852,4987,"TEMP1887"
"13353",132677,"event",NA,10327,4582,"TEMP1888"
"13353",132677,"bounds",NA,9852,4987,"TEMP1887"
"13353",132678,"event",NA,10327,4582,"TEMP1888"
"13353",132678,"bounds",NA,9852,4987,"TEMP1887"
"13353",132679,"event",NA,10327,4582,"TEMP1888"
"13353",132679,"bounds",NA,9852,4987,"TEMP1887"
"14886",138045,"event",41702,41997,41377,"TEMP1910"
"14886",138045,"bounds",NA,42617,40762,"TEMP1909"
"14886",138046,"event",41702,41997,41377,"TEMP1910"
"14886",138046,"bounds",NA,42617,40762,"TEMP1909"
"14886",138047,"event",41702,41997,41377,"TEMP1910"
"14886",138047,"bounds",NA,42617,40762,"TEMP1909"
"14886",138049,"event",41702,41997,41377,"TEMP1910"
"14886",138049,"bounds",NA,42617,40762,"TEMP1909"
"14886",138050,"event",41702,41997,41377,"TEMP1910"
"14886",138050,"bounds",NA,42617,40762,"TEMP1909"
"14886",138051,"event",41702,41997,41377,"TEMP1910"
"14886",138051,"bounds",NA,42617,40762,"TEMP1909"
"14886",138052,"event",41702,41997,41377,"TEMP1910"
"14886",138052,"bounds",NA,42617,40762,"TEMP1909"
"14886",138053,"event",41702,41997,41377,"TEMP1910"
"14886",138053,"bounds",NA,42617,40762,"TEMP1909"
"14886",138054,"event",41702,41997,41377,"TEMP1910"
"14886",138054,"bounds",NA,42617,40762,"TEMP1909"
"14886",138055,"event",41702,41997,41377,"TEMP1910"
"14886",138055,"bounds",NA,42617,40762,"TEMP1909"
"14886",138056,"event",41702,41997,41377,"TEMP1910"
"14886",138056,"bounds",NA,42617,40762,"TEMP1909"
"14886",224503,"event",NA,41997,9887,"TEMP1910"
"14886",224503,"bounds",NA,42617,9482,"TEMP1909"
"15381",150433,"event",NA,397,77,"TEMP2034"
"15381",150433,"bounds",NA,597,-68,"TEMP2033"
"15390",150697,"event",NA,19432,272,"TEMP2036"
"15390",150697,"bounds",NA,18832,462,"TEMP2035"
"15390",150700,"event",NA,13942,9722,"TEMP2036"
"15390",150700,"bounds",NA,12122,10182,"TEMP2035"
"15390",150702,"event",NA,19982,67,"TEMP2036"
"15390",150702,"bounds",NA,20582,-75,"TEMP2035"
"15390",150703,"event",NA,19982,67,"TEMP2036"
"15390",150703,"bounds",NA,20582,-75,"TEMP2035"
"15390",150704,"event",NA,19982,67,"TEMP2036"
"15390",150704,"bounds",NA,20582,-75,"TEMP2035"
"15433",151843,"event",NA,49042,37882,"TEMP2038"
"15433",151843,"bounds",NA,57892,32427,"TEMP2037"
"15433",151845,"event",NA,48142,37882,"TEMP2038"
"15433",151845,"bounds",NA,53547,32427,"TEMP2037"
"15433",151847,"event",NA,80000,48142,"TEMP2038"
"15433",151847,"bounds",NA,80000,53547,"TEMP2037"
"15433",151848,"event",NA,80000,48142,"TEMP2038"
"15433",151848,"bounds",NA,80000,53547,"TEMP2037"
"15433",151849,"event",NA,3277,0,"TEMP2038"
"15433",151849,"bounds",NA,3172,0,"TEMP2037"
"15433",151852,"event",NA,13542,9712,"TEMP2038"
"15433",151852,"bounds",NA,12867,5627,"TEMP2037"
"15433",151853,"event",NA,13542,9712,"TEMP2038"
"15433",151853,"bounds",NA,12867,5627,"TEMP2037"
"15433",151855,"event",NA,38962,23732,"TEMP2038"
"15433",151855,"bounds",NA,32662,31642,"TEMP2037"
"15433",151856,"event",NA,38962,23732,"TEMP2038"
"15433",151856,"bounds",NA,32662,31642,"TEMP2037"
"15433",151857,"event",NA,38962,23732,"TEMP2038"
"15433",151857,"bounds",NA,32662,31642,"TEMP2037"
"15433",151858,"event",NA,38962,23732,"TEMP2038"
"15433",151858,"bounds",NA,32662,31642,"TEMP2037"
"15433",151859,"event",NA,38962,23732,"TEMP2038"
"15433",151859,"bounds",NA,32662,31642,"TEMP2037"
"15433",151861,"event",NA,45942,38962,"TEMP2038"
"15433",151861,"bounds",NA,52497,32662,"TEMP2037"
"15433",151863,"event",NA,42237,39182,"TEMP2038"
"15433",151863,"bounds",NA,44037,37142,"TEMP2037"
"15433",151865,"event",NA,80000,45942,"TEMP2038"
"15433",151865,"bounds",NA,80000,52497,"TEMP2037"
"15433",151866,"event",NA,80000,45942,"TEMP2038"
"15433",151866,"bounds",NA,80000,52497,"TEMP2037"
"15433",151867,"event",NA,80000,45942,"TEMP2038"
"15433",151867,"bounds",NA,80000,52497,"TEMP2037"
"15433",151868,"event",NA,80000,45942,"TEMP2038"
"15433",151868,"bounds",NA,80000,52497,"TEMP2037"
"16264",173141,"event",NA,12017,1702,"TEMP2184"
"16264",173141,"bounds",NA,12682,1232,"TEMP2183"
"16270",173153,"event",NA,17387,3712,"TEMP2190"
"16270",173153,"bounds",NA,18827,3427,"TEMP2189"
"16272",173170,"event",3452,4007,2897,"TEMP2194"
"16272",173170,"bounds",NA,4922,1957,"TEMP2193"
"16272",173171,"event",3452,4007,2897,"TEMP2194"
"16272",173171,"bounds",NA,4922,1957,"TEMP2193"
"16272",173172,"event",3452,4007,2897,"TEMP2194"
"16272",173172,"bounds",NA,4922,1957,"TEMP2193"
"16272",173173,"event",3452,4007,2897,"TEMP2194"
"16272",173173,"bounds",NA,4922,1957,"TEMP2193"
"16272",173174,"event",3452,4007,2897,"TEMP2194"
"16272",173174,"bounds",NA,4922,1957,"TEMP2193"
"16272",173175,"event",3452,4007,2897,"TEMP2194"
"16272",173175,"bounds",NA,4922,1957,"TEMP2193"
"16272",173176,"event",3452,4007,2897,"TEMP2194"
"16272",173176,"bounds",NA,4922,1957,"TEMP2193"
"16272",173177,"event",3452,4007,2897,"TEMP2194"
"16272",173177,"bounds",NA,4922,1957,"TEMP2193"
"16272",173178,"event",3452,4007,2897,"TEMP2194"
"16272",173178,"bounds",NA,4922,1957,"TEMP2193"
"16272",173179,"event",3452,4007,2897,"TEMP2194"
"16272",173179,"bounds",NA,4922,1957,"TEMP2193"
"18021",204703,"event",NA,2352,250,"TEMP2230"
"18021",204703,"bounds",NA,2327,250,"TEMP2229"
"18021",204706,"event",NA,4000,3137,"TEMP2230"
"18021",204706,"bounds",NA,4000,2717,"TEMP2229"
"18021",204707,"event",NA,5000,4000,"TEMP2230"
"18021",204707,"bounds",NA,5000,4000,"TEMP2229"
"18021",204708,"event",NA,11700,5000,"TEMP2230"
"18021",204708,"bounds",NA,11700,5000,"TEMP2229"
"18064",205262,"event",NA,13272,12862,"TEMP2238"
"18064",205262,"bounds",NA,13642,12537,"TEMP2237"
"18160",207712,"event",NA,10817,6000,"TEMP2266"
"18160",207712,"bounds",NA,10597,6000,"TEMP2265"
"18160",207715,"event",NA,12207,11332,"TEMP2266"
"18160",207715,"bounds",NA,12527,11242,"TEMP2265"
"18275",211728,"event",NA,1142,957,"TEMP2286"
"18275",211728,"bounds",NA,1067,727,"TEMP2285"
"18275",211730,"event",NA,1192,1117,"TEMP2286"
"18275",211730,"bounds",NA,1417,1047,"TEMP2285"
"18275",211734,"event",NA,2117,1847,"TEMP2286"
"18275",211734,"bounds",NA,2137,1817,"TEMP2285"
"18275",211735,"event",NA,2117,1847,"TEMP2286"
"18275",211735,"bounds",NA,2137,1817,"TEMP2285"
"18300",212121,"event",NA,1052,50,"TEMP2288"
"18300",212121,"bounds",NA,882,50,"TEMP2287"
"18320",212381,"event",NA,7707,0,"TEMP2294"
"18320",212381,"bounds",NA,7612,0,"TEMP2293"
"18320",212382,"event",NA,7707,0,"TEMP2294"
"18320",212383,"event",NA,7707,3450,"TEMP2294"
"18320",212384,"event",NA,3450,450,"TEMP2294"
"18320",212384,"bounds",NA,7612,0,"TEMP2293"
"18428",215118,"event",NA,3272,0,"TEMP2318"
"18428",215118,"bounds",NA,2287,0,"TEMP2317"
"18428",215119,"event",NA,3272,0,"TEMP2318"
"18428",215119,"bounds",NA,2287,0,"TEMP2317"
"18428",215120,"event",NA,4382,0,"TEMP2318"
"18428",215120,"bounds",NA,5367,0,"TEMP2317"
"18428",215122,"event",NA,4527,3272,"TEMP2318"
"18428",215122,"bounds",NA,5427,2287,"TEMP2317"
"18428",215124,"event",NA,4527,2607,"TEMP2318"
"18428",215124,"bounds",NA,5427,1902,"TEMP2317"
"18428",215126,"event",NA,3667,2277,"TEMP2318"
"18428",215126,"bounds",NA,4772,1062,"TEMP2317"
"18448",215638,"event",NA,1450,767,"TEMP2332"
"18448",215638,"bounds",NA,1450,1202,"TEMP2331"
"18761",219548,"event",1527,1597,1447,"TEMP2370"
"18761",219548,"bounds",NA,1717,1352,"TEMP2369"
"18761",219551,"event",NA,11700,9832,"TEMP2370"
"18761",219551,"bounds",NA,11700,10222,"TEMP2369"
"18813",220331,"event",NA,39897,1992,"TEMP2396"
"18813",220331,"bounds",NA,46362,1782,"TEMP2395"
"18813",220332,"event",NA,39897,1992,"TEMP2396"
"18813",220332,"bounds",NA,46362,1782,"TEMP2395"
"19119",220979,"event",NA,12617,487,"TEMP2408"
"19119",220979,"bounds",NA,13032,382,"TEMP2407"
"19119",220983,"event",NA,4077,2492,"TEMP2408"
"19119",220983,"bounds",NA,4472,2242,"TEMP2407"
"19119",220986,"event",NA,4077,2492,"TEMP2408"
"19119",220986,"bounds",NA,4472,2242,"TEMP2407"
"19119",220989,"event",NA,4077,2492,"TEMP2408"
"19119",220989,"bounds",NA,4472,2242,"TEMP2407"
"19119",220990,"event",NA,7907,6247,"TEMP2408"
"19119",220990,"bounds",NA,8132,5937,"TEMP2407"
"19119",220991,"event",NA,7907,6247,"TEMP2408"
"19119",220991,"bounds",NA,8132,5937,"TEMP2407"
"19119",220993,"event",NA,12617,487,"TEMP2408"
"19119",220993,"bounds",NA,13032,382,"TEMP2407"
"19119",220994,"event",NA,12617,487,"TEMP2408"
"19119",220994,"bounds",NA,13032,382,"TEMP2407"
"19119",220995,"event",NA,4077,2492,"TEMP2408"
"19119",220995,"bounds",NA,4472,2242,"TEMP2407"
"19119",220996,"event",NA,4077,2492,"TEMP2408"
"19119",220996,"bounds",NA,4472,2242,"TEMP2407"
"19119",220997,"event",NA,4077,2492,"TEMP2408"
"19119",220997,"bounds",NA,4472,2242,"TEMP2407"
"19119",220998,"event",NA,12617,487,"TEMP2408"
"19119",220998,"bounds",NA,13032,382,"TEMP2407"
"19119",220999,"event",NA,4077,2492,"TEMP2408"
"19119",220999,"bounds",NA,4472,2242,"TEMP2407"
"19119",221000,"event",NA,4077,2492,"TEMP2408"
"19119",221000,"bounds",NA,4472,2242,"TEMP2407"
"19119",221001,"event",NA,4077,2492,"TEMP2408"
"19119",221001,"bounds",NA,4472,2242,"TEMP2407"
"19119",221002,"event",NA,4077,2492,"TEMP2408"
"19119",221002,"bounds",NA,4472,2242,"TEMP2407"
"19119",221003,"event",NA,7907,6247,"TEMP2408"
"19119",221003,"bounds",NA,8132,5937,"TEMP2407"
"19119",221004,"event",NA,7907,6247,"TEMP2408"
"19119",221004,"bounds",NA,8132,5937,"TEMP2407"
"19119",221005,"event",NA,12617,487,"TEMP2408"
"19119",221005,"bounds",NA,13032,382,"TEMP2407"
"19119",221006,"event",NA,12617,487,"TEMP2408"
"19119",221006,"bounds",NA,13032,382,"TEMP2407"
"19119",221007,"event",NA,12617,487,"TEMP2408"
"19119",221007,"bounds",NA,13032,382,"TEMP2407"
"19119",221008,"event",NA,12617,487,"TEMP2408"
"19119",221008,"bounds",NA,13032,382,"TEMP2407"
"19119",221009,"event",NA,4077,2492,"TEMP2408"
"19119",221009,"bounds",NA,4472,2242,"TEMP2407"
"19119",221010,"event",NA,12617,487,"TEMP2408"
"19119",221010,"bounds",NA,13032,382,"TEMP2407"
"19119",221011,"event",NA,12617,487,"TEMP2408"
"19119",221011,"bounds",NA,13032,382,"TEMP2407"
"19119",221012,"event",NA,4077,2492,"TEMP2408"
"19119",221012,"bounds",NA,4472,2242,"TEMP2407"
"19119",221013,"event",NA,4077,2492,"TEMP2408"
"19119",221013,"bounds",NA,4472,2242,"TEMP2407"
"19119",221014,"event",NA,12617,487,"TEMP2408"
"19119",221014,"bounds",NA,13032,382,"TEMP2407"
"19119",221015,"event",NA,12617,487,"TEMP2408"
"19119",221015,"bounds",NA,13032,382,"TEMP2407"
"19119",221016,"event",NA,12617,487,"TEMP2408"
"19119",221016,"bounds",NA,13032,382,"TEMP2407"
"19119",221017,"event",NA,12617,487,"TEMP2408"
"19119",221017,"bounds",NA,13032,382,"TEMP2407"
"19119",221018,"event",NA,12617,487,"TEMP2408"
"19119",221018,"bounds",NA,13032,382,"TEMP2407"
"19119",221019,"event",NA,12617,487,"TEMP2408"
"19119",221019,"bounds",NA,13032,382,"TEMP2407"
"19119",221020,"event",NA,4077,2492,"TEMP2408"
"19119",221020,"bounds",NA,4472,2242,"TEMP2407"
"19119",221021,"event",NA,12617,487,"TEMP2408"
"19119",221021,"bounds",NA,13032,382,"TEMP2407"
"19119",221022,"event",NA,4077,2492,"TEMP2408"
"19119",221022,"bounds",NA,4472,2242,"TEMP2407"
"19119",221023,"event",NA,12617,487,"TEMP2408"
"19119",221023,"bounds",NA,13032,382,"TEMP2407"
"19119",221024,"event",NA,12617,487,"TEMP2408"
"19119",221024,"bounds",NA,13032,382,"TEMP2407"
"19119",221025,"event",NA,4077,2492,"TEMP2408"
"19119",221025,"bounds",NA,4472,2242,"TEMP2407"
"19119",221026,"event",NA,12617,487,"TEMP2408"
"19119",221026,"bounds",NA,13032,382,"TEMP2407"
"19119",221027,"event",NA,4077,2492,"TEMP2408"
"19119",221027,"bounds",NA,4472,2242,"TEMP2407"
"19119",221028,"event",NA,4077,2492,"TEMP2408"
"19119",221028,"bounds",NA,4472,2242,"TEMP2407"
"19119",221029,"event",NA,4077,2492,"TEMP2408"
"19119",221029,"bounds",NA,4472,2242,"TEMP2407"
"19119",221030,"event",NA,12617,487,"TEMP2408"
"19119",221030,"bounds",NA,13032,382,"TEMP2407"
"19119",221031,"event",NA,4077,2492,"TEMP2408"
"19119",221031,"bounds",NA,4472,2242,"TEMP2407"
"19119",221032,"event",NA,4077,2492,"TEMP2408"
"19119",221032,"bounds",NA,4472,2242,"TEMP2407"
"19119",221033,"event",NA,12617,487,"TEMP2408"
"19119",221033,"bounds",NA,13032,382,"TEMP2407"
"19119",221034,"event",NA,12617,487,"TEMP2408"
"19119",221034,"bounds",NA,13032,382,"TEMP2407"
"19119",221035,"event",NA,4077,2492,"TEMP2408"
"19119",221035,"bounds",NA,4472,2242,"TEMP2407"
"19119",221036,"event",NA,12617,487,"TEMP2408"
"19119",221036,"bounds",NA,13032,382,"TEMP2407"
"19119",221037,"event",NA,4077,2492,"TEMP2408"
"19119",221037,"bounds",NA,4472,2242,"TEMP2407"
"19119",221038,"event",NA,4077,2492,"TEMP2408"
"19119",221038,"bounds",NA,4472,2242,"TEMP2407"
"19119",221039,"event",NA,4077,2492,"TEMP2408"
"19119",221039,"bounds",NA,4472,2242,"TEMP2407"
"19119",221040,"event",NA,12617,487,"TEMP2408"
"19119",221040,"bounds",NA,13032,382,"TEMP2407"
"19119",221041,"event",NA,4077,2492,"TEMP2408"
"19119",221041,"bounds",NA,4472,2242,"TEMP2407"
"19119",221042,"event",NA,4077,2492,"TEMP2408"
"19119",221042,"bounds",NA,4472,2242,"TEMP2407"
"19119",221043,"event",NA,4077,2492,"TEMP2408"
"19119",221043,"bounds",NA,4472,2242,"TEMP2407"
"19119",221044,"event",NA,12617,487,"TEMP2408"
"19119",221044,"bounds",NA,13032,382,"TEMP2407"
"19119",221045,"event",NA,4077,2492,"TEMP2408"
"19119",221045,"bounds",NA,4472,2242,"TEMP2407"
"19119",221046,"event",NA,4077,2492,"TEMP2408"
"19119",221046,"bounds",NA,4472,2242,"TEMP2407"
"19119",221047,"event",NA,4077,2492,"TEMP2408"
"19119",221047,"bounds",NA,4472,2242,"TEMP2407"
"19119",221048,"event",NA,4077,2492,"TEMP2408"
"19119",221048,"bounds",NA,4472,2242,"TEMP2407"
"19119",221049,"event",NA,4077,2492,"TEMP2408"
"19119",221049,"bounds",NA,4472,2242,"TEMP2407"
"19119",221050,"event",NA,12617,487,"TEMP2408"
"19119",221050,"bounds",NA,13032,382,"TEMP2407"
"19119",221051,"event",NA,4077,2492,"TEMP2408"
"19119",221051,"bounds",NA,4472,2242,"TEMP2407"
"19119",221052,"event",NA,12617,487,"TEMP2408"
"19119",221052,"bounds",NA,13032,382,"TEMP2407"
"19119",221053,"event",NA,12617,487,"TEMP2408"
"19119",221053,"bounds",NA,13032,382,"TEMP2407"
"19119",221054,"event",NA,12617,487,"TEMP2408"
"19119",221054,"bounds",NA,13032,382,"TEMP2407"
"19119",221055,"event",NA,7907,6247,"TEMP2408"
"19119",221055,"bounds",NA,8132,5937,"TEMP2407"
"19119",221056,"event",NA,4077,2492,"TEMP2408"
"19119",221056,"bounds",NA,4472,2242,"TEMP2407"
"19119",221057,"event",NA,7907,6247,"TEMP2408"
"19119",221057,"bounds",NA,8132,5937,"TEMP2407"
"19119",221058,"event",NA,7907,6247,"TEMP2408"
"19119",221058,"bounds",NA,8132,5937,"TEMP2407"
"19119",221059,"event",NA,7907,6247,"TEMP2408"
"19119",221059,"bounds",NA,8132,5937,"TEMP2407"
"19119",221060,"event",NA,4077,2492,"TEMP2408"
"19119",221060,"bounds",NA,4472,2242,"TEMP2407"
"19119",221061,"event",NA,12617,487,"TEMP2408"
"19119",221061,"bounds",NA,13032,382,"TEMP2407"
"19119",221062,"event",NA,4077,2492,"TEMP2408"
"19119",221062,"bounds",NA,4472,2242,"TEMP2407"
"19119",221063,"event",NA,7907,6247,"TEMP2408"
"19119",221063,"bounds",NA,8132,5937,"TEMP2407"
"19119",221064,"event",NA,4077,2492,"TEMP2408"
"19119",221064,"bounds",NA,4472,2242,"TEMP2407"
"19119",221065,"event",NA,4077,2492,"TEMP2408"
"19119",221065,"bounds",NA,4472,2242,"TEMP2407"
"19119",221066,"event",NA,7907,6247,"TEMP2408"
"19119",221066,"bounds",NA,8132,5937,"TEMP2407"
"19119",221067,"event",NA,7907,6247,"TEMP2408"
"19119",221067,"bounds",NA,8132,5937,"TEMP2407"
"19119",221068,"event",NA,12617,487,"TEMP2408"
"19119",221068,"bounds",NA,13032,382,"TEMP2407"
"19119",221069,"event",NA,7907,6247,"TEMP2408"
"19119",221069,"bounds",NA,8132,5937,"TEMP2407"
"19119",221070,"event",NA,7907,6247,"TEMP2408"
"19119",221070,"bounds",NA,8132,5937,"TEMP2407"
"19119",221071,"event",NA,7907,6247,"TEMP2408"
"19119",221071,"bounds",NA,8132,5937,"TEMP2407"
"19119",221072,"event",NA,7907,6247,"TEMP2408"
"19119",221072,"bounds",NA,8132,5937,"TEMP2407"
"19119",221073,"event",NA,4077,2492,"TEMP2408"
"19119",221073,"bounds",NA,4472,2242,"TEMP2407"
"19119",221074,"event",NA,7907,6247,"TEMP2408"
"19119",221074,"bounds",NA,8132,5937,"TEMP2407"
"19119",221075,"event",NA,7907,6247,"TEMP2408"
"19119",221075,"bounds",NA,8132,5937,"TEMP2407"
"19119",221076,"event",NA,12617,487,"TEMP2408"
"19119",221076,"bounds",NA,13032,382,"TEMP2407"
"19119",221077,"event",NA,12617,487,"TEMP2408"
"19119",221077,"bounds",NA,13032,382,"TEMP2407"
"19281",222391,"event",NA,11700,950,"TEMP2412"
"19281",222391,"bounds",NA,11700,950,"TEMP2411"
"19281",222392,"event",NA,950,387,"TEMP2412"
"19281",222392,"bounds",NA,950,612,"TEMP2411"
"19281",222394,"event",NA,102,0,"TEMP2412"
"19281",222394,"bounds",NA,612,0,"TEMP2411"
"19456",224396,"event",NA,527,167,"TEMP2444"
"19456",224396,"bounds",NA,837,-75,"TEMP2443"
"23295",233400,"event",NA,33842,102,"TEMP2492"
"23295",233400,"bounds",NA,40832,-75,"TEMP2491"
"23744",234303,"event",NA,957,712,"TEMP2494"
"23744",234303,"bounds",NA,1232,447,"TEMP2493"
"23744",234306,"event",NA,712,650,"TEMP2494"
"23744",234306,"bounds",NA,682,0,"TEMP2493"
"23744",234307,"event",NA,712,650,"TEMP2494"
"23744",234307,"bounds",NA,682,0,"TEMP2493"
"23744",234308,"event",NA,957,712,"TEMP2494"
"23744",234308,"bounds",NA,1232,447,"TEMP2493"
"26479",244655,"event",NA,7962,0,"TEMP2596"
"26479",244655,"bounds",NA,7782,0,"TEMP2595"
"26479",244661,"event",NA,34747,19427,"TEMP2596"
"26479",244661,"bounds",NA,33672,20802,"TEMP2595"
"26999",246954,"event",NA,1537,882,"TEMP2660"
"26999",246954,"bounds",NA,2057,377,"TEMP2659"
"26999",246955,"event",NA,1537,882,"TEMP2660"
"26999",246955,"bounds",NA,2057,377,"TEMP2659"
"26999",246956,"event",NA,1537,882,"TEMP2660"
"26999",246956,"bounds",NA,2057,377,"TEMP2659"
"26999",246957,"event",NA,1537,882,"TEMP2660"
"26999",246957,"bounds",NA,2057,377,"TEMP2659"
"26999",246958,"event",NA,1537,882,"TEMP2660"
"26999",246958,"bounds",NA,2057,377,"TEMP2659"
"26999",246959,"event",NA,1537,882,"TEMP2660"
"26999",246959,"bounds",NA,2057,377,"TEMP2659"
"26999",246960,"event",NA,1537,882,"TEMP2660"
"26999",246960,"bounds",NA,2057,377,"TEMP2659"
"26999",246961,"event",NA,1537,882,"TEMP2660"
"26999",246961,"bounds",NA,2057,377,"TEMP2659"
"26999",246962,"event",NA,1537,882,"TEMP2660"
"26999",246962,"bounds",NA,2057,377,"TEMP2659"
"26999",246963,"event",NA,1537,882,"TEMP2660"
"26999",246963,"bounds",NA,2057,377,"TEMP2659"
"26999",246964,"event",NA,1537,882,"TEMP2660"
"26999",246964,"bounds",NA,2057,377,"TEMP2659"
"26999",246965,"event",NA,1537,882,"TEMP2660"
"26999",246965,"bounds",NA,2057,377,"TEMP2659"
"26999",246966,"event",NA,1537,882,"TEMP2660"
"26999",246966,"bounds",NA,2057,377,"TEMP2659"
"26999",246967,"event",NA,1537,882,"TEMP2660"
"26999",246967,"bounds",NA,2057,377,"TEMP2659"
"26999",246968,"event",NA,1537,882,"TEMP2660"
"26999",246968,"bounds",NA,2057,377,"TEMP2659"
"26999",246969,"event",NA,1537,882,"TEMP2660"
"26999",246969,"bounds",NA,2057,377,"TEMP2659"
"26999",246970,"event",NA,1537,882,"TEMP2660"
"26999",246970,"bounds",NA,2057,377,"TEMP2659"
"26999",246971,"event",NA,1537,882,"TEMP2660"
"26999",246971,"bounds",NA,2057,377,"TEMP2659"
"26999",246972,"event",NA,1537,882,"TEMP2660"
"26999",246972,"bounds",NA,2057,377,"TEMP2659"
"26999",246973,"event",NA,1537,882,"TEMP2660"
"26999",246973,"bounds",NA,2057,377,"TEMP2659"
"26999",246974,"event",NA,1537,882,"TEMP2660"
"26999",246974,"bounds",NA,2057,377,"TEMP2659"
"26999",246975,"event",NA,1537,882,"TEMP2660"
"26999",246975,"bounds",NA,2057,377,"TEMP2659"
"26999",246976,"event",NA,1537,882,"TEMP2660"
"26999",246976,"bounds",NA,2057,377,"TEMP2659"
"26999",246977,"event",NA,1537,882,"TEMP2660"
"26999",246977,"bounds",NA,2057,377,"TEMP2659"
"26999",246978,"event",NA,1537,882,"TEMP2660"
"26999",246978,"bounds",NA,2057,377,"TEMP2659"
"26999",246979,"event",NA,1537,882,"TEMP2660"
"26999",246979,"bounds",NA,2057,377,"TEMP2659"
"26999",246980,"event",NA,1537,882,"TEMP2660"
"26999",246980,"bounds",NA,2057,377,"TEMP2659"
"26999",246981,"event",NA,1537,882,"TEMP2660"
"26999",246981,"bounds",NA,2057,377,"TEMP2659"
"26999",246982,"event",NA,1537,882,"TEMP2660"
"26999",246982,"bounds",NA,2057,377,"TEMP2659"
"26999",246983,"event",NA,1537,882,"TEMP2660"
"26999",246983,"bounds",NA,2057,377,"TEMP2659"
"26999",246984,"event",NA,1537,882,"TEMP2660"
"26999",246984,"bounds",NA,2057,377,"TEMP2659"
"26999",246985,"event",NA,1537,882,"TEMP2660"
"26999",246985,"bounds",NA,2057,377,"TEMP2659"
"26999",246986,"event",NA,1537,882,"TEMP2660"
"26999",246986,"bounds",NA,2057,377,"TEMP2659"
"26999",246987,"event",NA,1537,882,"TEMP2660"
"26999",246987,"bounds",NA,2057,377,"TEMP2659"
"26999",246988,"event",NA,1537,882,"TEMP2660"
"26999",246988,"bounds",NA,2057,377,"TEMP2659"
"26999",246989,"event",NA,1537,882,"TEMP2660"
"26999",246989,"bounds",NA,2057,377,"TEMP2659"
"26999",246990,"event",NA,1537,882,"TEMP2660"
"26999",246990,"bounds",NA,2057,377,"TEMP2659"
"26999",246991,"event",NA,1537,882,"TEMP2660"
"26999",246991,"bounds",NA,2057,377,"TEMP2659"
"26999",246992,"event",NA,1537,882,"TEMP2660"
"26999",246992,"bounds",NA,2057,377,"TEMP2659"
"26999",246993,"event",NA,1537,882,"TEMP2660"
"26999",246993,"bounds",NA,2057,377,"TEMP2659"
"26999",246994,"event",NA,1537,882,"TEMP2660"
"26999",246994,"bounds",NA,2057,377,"TEMP2659"
"26999",246995,"event",NA,1537,882,"TEMP2660"
"26999",246995,"bounds",NA,2057,377,"TEMP2659"
"26999",246996,"event",NA,1537,882,"TEMP2660"
"26999",246996,"bounds",NA,2057,377,"TEMP2659"
"26999",246997,"event",NA,1537,882,"TEMP2660"
"26999",246997,"bounds",NA,2057,377,"TEMP2659"
"26999",246998,"event",NA,1537,882,"TEMP2660"
"26999",246998,"bounds",NA,2057,377,"TEMP2659"
"26999",246999,"event",NA,1537,882,"TEMP2660"
"26999",246999,"bounds",NA,2057,377,"TEMP2659"
"26999",247000,"event",NA,1537,882,"TEMP2660"
"26999",247000,"bounds",NA,2057,377,"TEMP2659"
"26999",247001,"event",NA,1537,882,"TEMP2660"
"26999",247001,"bounds",NA,2057,377,"TEMP2659"
"26999",247002,"event",NA,1537,882,"TEMP2660"
"26999",247002,"bounds",NA,2057,377,"TEMP2659"
"26999",247003,"event",NA,1537,882,"TEMP2660"
"26999",247003,"bounds",NA,2057,377,"TEMP2659"
"26999",247004,"event",NA,1537,882,"TEMP2660"
"26999",247004,"bounds",NA,2057,377,"TEMP2659"
"27098",247052,"event",NA,850000,820000,"TEMP2662"
"27098",247052,"bounds",NA,850000,820000,"TEMP2661"
"27098",247055,"event",NA,850000,820000,"TEMP2662"
"27098",247055,"bounds",NA,850000,820000,"TEMP2661"
"27098",247056,"event",NA,850000,820000,"TEMP2662"
"27098",247056,"bounds",NA,850000,820000,"TEMP2661"
"27098",247059,"event",NA,850000,820000,"TEMP2662"
"27098",247059,"bounds",NA,850000,820000,"TEMP2661"
"27098",247061,"event",NA,850000,820000,"TEMP2662"
"27098",247061,"bounds",NA,850000,820000,"TEMP2661"
"27217",247427,"event",NA,2222,287,"TEMP2680"
"27217",247427,"bounds",NA,3012,-75,"TEMP2679"
"27217",247428,"event",NA,2222,287,"TEMP2680"
"27217",247428,"bounds",NA,3012,-75,"TEMP2679"
"27217",247430,"event",NA,2222,287,"TEMP2680"
"27217",247430,"bounds",NA,3012,-75,"TEMP2679"
"27217",247431,"event",NA,2222,287,"TEMP2680"
"27217",247431,"bounds",NA,3012,-75,"TEMP2679"
"27217",247432,"event",NA,2222,287,"TEMP2680"
"27217",247432,"bounds",NA,3012,-75,"TEMP2679"
"27217",247435,"event",NA,2222,287,"TEMP2680"
"27217",247435,"bounds",NA,3012,-75,"TEMP2679"
"27217",247437,"event",NA,2222,287,"TEMP2680"
"27217",247437,"bounds",NA,3012,-75,"TEMP2679"
"27217",247438,"event",NA,2222,287,"TEMP2680"
"27217",247438,"bounds",NA,3012,-75,"TEMP2679"
"27286",247594,"event",NA,45822,11852,"TEMP2696"
"27286",247594,"bounds",NA,59287,18252,"TEMP2695"
"27946",248670,"event",NA,1942,937,"TEMP2708"
"27946",248670,"bounds",NA,2012,867,"TEMP2707"
"28107",250525,"event",NA,42012,18967,"TEMP2742"
"28107",250525,"bounds",NA,42217,16642,"TEMP2741"
"28107",250529,"event",NA,39202,27642,"TEMP2742"
"28107",250529,"bounds",NA,39897,27322,"TEMP2741"
"28193",253215,"event",NA,1524,0,"TEMP2760"
"28193",253215,"bounds",NA,6314,0,"TEMP2759"
"28207",253281,"event",NA,3157,582,"TEMP2770"
"28207",253281,"bounds",NA,3572,342,"TEMP2769"
"28265",253343,"event",NA,41142,13502,"TEMP2784"
"28265",253343,"bounds",NA,42567,12937,"TEMP2783"
"28319",255857,"event",NA,11700,8192,"TEMP2804"
"28319",255857,"bounds",NA,11700,8547,"TEMP2803"
"28320",255859,"event",NA,17512,5467,"TEMP2806"
"28320",255859,"bounds",NA,16612,6297,"TEMP2805"
"28320",255861,"event",NA,4222,887,"TEMP2806"
"28320",255861,"bounds",NA,3392,1252,"TEMP2805"
"28320",255862,"event",NA,4222,887,"TEMP2806"
"28320",255862,"bounds",NA,3392,1252,"TEMP2805"
"28320",255864,"event",NA,887,0,"TEMP2806"
"28320",255864,"bounds",NA,1252,0,"TEMP2805"
"28320",256445,"event",NA,26500,18637,"TEMP2806"
"28320",256445,"bounds",NA,26500,19212,"TEMP2805"
"28325",255887,"event",NA,11700,6237,"TEMP2810"
"28325",255887,"bounds",NA,11700,6357,"TEMP2809"
"28325",255888,"event",NA,11700,6237,"TEMP2810"
"28325",255888,"bounds",NA,11700,6357,"TEMP2809"
"28345",256205,"event",NA,5547,982,"TEMP2826"
"28345",256205,"bounds",NA,5717,887,"TEMP2825"
"28355",256225,"event",NA,4252,3957,"TEMP2830"
"28355",256225,"bounds",NA,4202,3992,"TEMP2829"
"28355",256228,"event",NA,4782,4352,"TEMP2830"
"28355",256228,"bounds",NA,4697,4397,"TEMP2829"
"28355",256229,"event",NA,3637,0,"TEMP2830"
"28355",256229,"bounds",NA,3632,0,"TEMP2829"
"28355",256230,"event",NA,3637,0,"TEMP2830"
"28355",256230,"bounds",NA,3632,0,"TEMP2829"
"28355",256231,"event",NA,3637,0,"TEMP2830"
"28355",256231,"bounds",NA,3632,0,"TEMP2829"
"28355",256232,"event",NA,3637,0,"TEMP2830"
"28355",256232,"bounds",NA,3632,0,"TEMP2829"
"28355",256233,"event",NA,5622,4962,"TEMP2830"
"28355",256233,"bounds",NA,5567,5042,"TEMP2829"
"28355",256234,"event",NA,5622,4962,"TEMP2830"
"28355",256234,"bounds",NA,5567,5042,"TEMP2829"
"28355",256235,"event",NA,5622,4962,"TEMP2830"
"28355",256235,"bounds",NA,5567,5042,"TEMP2829"
"28356",256247,"event",NA,3282,2927,"TEMP2832"
"28356",256247,"bounds",NA,3247,2932,"TEMP2831"
"28356",256251,"event",NA,2867,2837,"TEMP2832"
"28356",256251,"bounds",NA,2857,2837,"TEMP2831"
"28356",256252,"event",NA,3282,2927,"TEMP2832"
"28356",256252,"bounds",NA,3247,2932,"TEMP2831"
"28356",256253,"event",NA,3282,2927,"TEMP2832"
"28356",256253,"bounds",NA,3247,2932,"TEMP2831"
"28356",256254,"event",NA,2167,1627,"TEMP2832"
"28356",256254,"bounds",NA,2112,1637,"TEMP2831"
"28375",256436,"event",NA,4787,3807,"TEMP2840"
"28375",256436,"bounds",NA,5132,3052,"TEMP2839"
"28546",265346,"event",NA,512,277,"TEMP2870"
"28546",265346,"bounds",NA,682,62,"TEMP2869"
"28546",265347,"event",NA,512,277,"TEMP2870"
"28546",265347,"bounds",NA,682,62,"TEMP2869"
"28546",265348,"event",NA,512,277,"TEMP2870"
"28546",265348,"bounds",NA,682,62,"TEMP2869"
"28669",271601,"event",NA,1077,612,"TEMP2874"
"28669",271601,"bounds",NA,1312,442,"TEMP2873"
"28669",271602,"event",NA,1077,612,"TEMP2874"
"28669",271602,"bounds",NA,1312,442,"TEMP2873"
"28669",271603,"event",NA,1077,612,"TEMP2874"
"28669",271603,"bounds",NA,1312,442,"TEMP2873"
"28669",271604,"event",NA,1077,612,"TEMP2874"
"28669",271604,"bounds",NA,1312,442,"TEMP2873"
"28669",271605,"event",NA,1077,612,"TEMP2874"
"28669",271605,"bounds",NA,1312,442,"TEMP2873"
"28669",271606,"event",NA,1077,612,"TEMP2874"
"28669",271606,"bounds",NA,1312,442,"TEMP2873"
"28669",271607,"event",NA,1077,612,"TEMP2874"
"28669",271607,"bounds",NA,1312,442,"TEMP2873"
"28669",271608,"event",NA,1077,612,"TEMP2874"
"28669",271608,"bounds",NA,1312,442,"TEMP2873"
"35065",334490,"event",NA,1002,892,"TEMP2900"
"35065",334490,"bounds",NA,1142,757,"TEMP2899"
"35065",334491,"event",NA,1002,892,"TEMP2900"
"35065",334491,"bounds",NA,1142,757,"TEMP2899"
"35065",334492,"event",NA,1002,892,"TEMP2900"
"35065",334492,"bounds",NA,1142,757,"TEMP2899"
"35334",352320,"event",NA,1552,1262,"TEMP2906"
"35334",352320,"bounds",NA,1857,972,"TEMP2905"
"35373",501274,"event",NA,14657,12382,"TEMP2916"
"35373",501274,"bounds",NA,16397,10632,"TEMP2915"
"35373",501275,"event",NA,14657,12382,"TEMP2916"
"35373",501275,"bounds",NA,16397,10632,"TEMP2915"
"39736",438673,"event",NA,28000,15292,"TEMP2924"
"39736",438673,"bounds",NA,28000,15592,"TEMP2923"
"40571",457681,"event",NA,302,0,"TEMP2936"
"40571",457681,"bounds",NA,72,0,"TEMP2935"
"40571",457686,"event",NA,7777,2052,"TEMP2936"
"40571",457686,"bounds",NA,6867,2342,"TEMP2935"
"41331",468011,"event",NA,607,0,"TEMP2938"
"41331",468011,"bounds",NA,-75,-75,"TEMP2937"
"41331",468012,"event",NA,607,0,"TEMP2938"
"41331",468012,"bounds",NA,-75,-75,"TEMP2937"
"41331",468013,"event",1497,2677,607,"TEMP2938"
"41331",468013,"bounds",NA,4767,-75,"TEMP2937"
"41331",468014,"event",8327,8437,8212,"TEMP2938"
"41331",468014,"bounds",NA,8677,7972,"TEMP2937"
"41331",468016,"event",NA,9617,9107,"TEMP2938"
"41331",468016,"bounds",NA,7842,7842,"TEMP2937"
"41331",468018,"event",NA,13107,10792,"TEMP2938"
"41331",468018,"bounds",NA,13407,10342,"TEMP2937"
"41331",468021,"event",NA,12432,11267,"TEMP2938"
"41331",468021,"bounds",NA,12942,10957,"TEMP2937"
"41331",468025,"event",1497,2677,607,"TEMP2938"
"41331",468025,"bounds",NA,4767,-75,"TEMP2937"
"41331",468030,"event",6547,6662,6432,"TEMP2938"
"41331",468030,"bounds",NA,6907,6187,"TEMP2937"
"41331",468032,"event",1497,2677,607,"TEMP2938"
"41331",468032,"bounds",NA,4767,-75,"TEMP2937"
"41331",468035,"event",NA,14690,12977,"TEMP2938"
"41331",468035,"bounds",NA,14690,13287,"TEMP2937"
"41509",468995,"event",NA,50000,32097,"TEMP2940"
"41509",468995,"bounds",NA,50000,34077,"TEMP2939"
"41509",468997,"event",NA,32097,29797,"TEMP2940"
"41509",468997,"bounds",NA,34077,28027,"TEMP2939"
"41509",468998,"event",NA,32097,29797,"TEMP2940"
"41509",468998,"bounds",NA,50000,34077,"TEMP2939"
"41641",477609,"event",21287,26217,16347,"TEMP2942"
"41641",477609,"bounds",NA,33712,8782,"TEMP2941"
"41641",477610,"event",21287,26217,16347,"TEMP2942"
"41641",477610,"bounds",NA,33712,8782,"TEMP2941"
"41641",477612,"event",21287,26217,16347,"TEMP2942"
"41641",477612,"bounds",NA,33712,8782,"TEMP2941"
"41641",477613,"event",21287,26217,16347,"TEMP2942"
"41641",477613,"bounds",NA,33712,8782,"TEMP2941"
"41641",477614,"event",21287,26217,16347,"TEMP2942"
"41641",477614,"bounds",NA,33712,8782,"TEMP2941"
"41641",477615,"event",21287,26217,16347,"TEMP2942"
"41641",477615,"bounds",NA,33712,8782,"TEMP2941"
"41641",477616,"event",21287,26217,16347,"TEMP2942"
"41641",477616,"bounds",NA,33712,8782,"TEMP2941"
"41641",477617,"event",21287,26217,16347,"TEMP2942"
"41641",477617,"bounds",NA,33712,8782,"TEMP2941"
"41641",525813,"event",21287,26217,16347,"TEMP2942"
"41641",525813,"bounds",NA,33712,8782,"TEMP2941"
"42429",511282,"event",NA,36022,13927,"TEMP2960"
"42429",511282,"bounds",NA,36242,13452,"TEMP2959"
"42429",511283,"event",NA,36022,13927,"TEMP2960"
"42429",511283,"bounds",NA,36242,13452,"TEMP2959"
"42429",511284,"event",NA,36022,13927,"TEMP2960"
"42429",511284,"bounds",NA,36242,13452,"TEMP2959"
"42429",511285,"event",NA,36022,13927,"TEMP2960"
"42429",511285,"bounds",NA,36242,13452,"TEMP2959"
"42429",511286,"event",NA,36022,13927,"TEMP2960"
"42429",511286,"bounds",NA,36242,13452,"TEMP2959"
"42429",511287,"event",NA,36022,13927,"TEMP2960"
"42429",511287,"bounds",NA,36242,13452,"TEMP2959"
"42429",511290,"event",NA,36022,13927,"TEMP2960"
"42429",511290,"bounds",NA,36242,13452,"TEMP2959"
"42429",511292,"event",NA,36022,13927,"TEMP2960"
"42429",511292,"bounds",NA,36242,13452,"TEMP2959"
"42429",511293,"event",NA,36022,13927,"TEMP2960"
"42429",511293,"bounds",NA,36242,13452,"TEMP2959"
"42429",511294,"event",NA,36022,13927,"TEMP2960"
"42429",511294,"bounds",NA,36242,13452,"TEMP2959"
"43651",526060,"event",NA,35812,627,"TEMP3008"
"43651",526060,"bounds",NA,48847,487,"TEMP3007"
